YEAR,LOCATION,"STATE ANSI","ASD CODE","COUNTY ANSI","REFERENCE PERIOD",COMMODITY,"CONDITION in PCT POOR","CONDITION in PCT VERY POOR","CONDITION in PCT GOOD","CONDITION in PCT FAIR","CONDITION in PCT EXCELLENT","CONDITION, 5 YEAR AVG in PCT EXCELLENT","CONDITION, 5 YEAR AVG in PCT POOR","CONDITION, 5 YEAR AVG in PCT VERY POOR","CONDITION, 5 YEAR AVG in PCT GOOD","CONDITION, 5 YEAR AVG in PCT FAIR","CONDITION, PREVIOUS YEAR in PCT POOR","CONDITION, PREVIOUS YEAR in PCT EXCELLENT","CONDITION, PREVIOUS YEAR in PCT FAIR","CONDITION, PREVIOUS YEAR in PCT VERY POOR","CONDITION, PREVIOUS YEAR in PCT GOOD"
1986,"US TOTAL","  ","  ","   ","WEEK #21",CORN,3," ",60,26,11," "," "," "," "," "," "," "," "," "," "
1986,"US TOTAL","  ","  ","   ","WEEK #22",CORN,4,1,60,24,11," "," "," "," "," "," "," "," "," "," "
1986,"US TOTAL","  ","  ","   ","WEEK #23",CORN,2," ",63,22,13," "," "," "," "," "," "," "," "," "," "
1986,"US TOTAL","  ","  ","   ","WEEK #24",CORN,2," ",61,18,19," "," "," "," "," "," "," "," "," "," "
1986,"US TOTAL","  ","  ","   ","WEEK #25",CORN,2," ",59,18,21," "," "," "," "," "," "," "," "," "," "
1986,"US TOTAL","  ","  ","   ","WEEK #26",CORN,3," ",58,16,23," "," "," "," "," "," "," "," "," "," "
1986,"US TOTAL","  ","  ","   ","WEEK #27",CORN,4," ",54,13,29," "," "," "," "," "," "," "," "," "," "
1986,"US TOTAL","  ","  ","   ","WEEK #28",CORN,3,1,48,12,36," "," "," "," "," "," "," "," "," "," "
1986,"US TOTAL","  ","  ","   ","WEEK #29",CORN,3,1,48,9,39," "," "," "," "," "," "," "," "," "," "
1986,"US TOTAL","  ","  ","   ","WEEK #30",CORN,3,1,48,10,38," "," "," "," "," "," "," "," "," "," "
1986,"US TOTAL","  ","  ","   ","WEEK #31",CORN,2,2,48,9,39," "," "," "," "," "," "," "," "," "," "
1986,"US TOTAL","  ","  ","   ","WEEK #32",CORN,3,2,47,11,37," "," "," "," "," "," "," "," "," "," "
1986,"US TOTAL","  ","  ","   ","WEEK #33",CORN,2,2,49,9,38," "," "," "," "," "," "," "," "," "," "
1986,"US TOTAL","  ","  ","   ","WEEK #34",CORN,2,1,48,11,38," "," "," "," "," "," "," "," "," "," "
1986,"US TOTAL","  ","  ","   ","WEEK #35",CORN,2,1,51,12,34," "," "," "," "," "," "," "," "," "," "
1986,"US TOTAL","  ","  ","   ","WEEK #36",CORN,3,1,51,12,33," "," "," "," "," "," "," "," "," "," "
1986,"US TOTAL","  ","  ","   ","WEEK #37",CORN,3,1,53,11,32," "," "," "," "," "," "," "," "," "," "
1986,"US TOTAL","  ","  ","   ","WEEK #38",CORN,3,1,52,12,32," "," "," "," "," "," "," "," "," "," "
1986,"US TOTAL","  ","  ","   ","WEEK #39",CORN,3,1,55,12,29," "," "," "," "," "," "," "," "," "," "
1987,"US TOTAL","  ","  ","   ","WEEK #21",CORN,4," ",61,18,17," "," "," "," "," "," "," "," "," "," "
1987,"US TOTAL","  ","  ","   ","WEEK #22",CORN,1," ",62,24,13," "," "," "," "," "," "," "," "," "," "
1987,"US TOTAL","  ","  ","   ","WEEK #23",CORN,1," ",63,18,18," "," "," "," "," "," "," "," "," "," "
1987,"US TOTAL","  ","  ","   ","WEEK #24",CORN,1," ",66,17,16," "," "," "," "," "," "," "," "," "," "
1987,"US TOTAL","  ","  ","   ","WEEK #25",CORN,2," ",63,21,14," "," "," "," "," "," "," "," "," "," "
1987,"US TOTAL","  ","  ","   ","WEEK #26",CORN,1," ",62,15,22," "," "," "," "," "," "," "," "," "," "
1987,"US TOTAL","  ","  ","   ","WEEK #27",CORN,2," ",61,15,22," "," "," "," "," "," "," "," "," "," "
1987,"US TOTAL","  ","  ","   ","WEEK #28",CORN,2," ",59,12,27," "," "," "," "," "," "," "," "," "," "
1987,"US TOTAL","  ","  ","   ","WEEK #29",CORN,1," ",56,11,32," "," "," "," "," "," "," "," "," "," "
1987,"US TOTAL","  ","  ","   ","WEEK #30",CORN,3,1,53,16,27," "," "," "," "," "," "," "," "," "," "
1987,"US TOTAL","  ","  ","   ","WEEK #31",CORN,3,1,55,20,21," "," "," "," "," "," "," "," "," "," "
1987,"US TOTAL","  ","  ","   ","WEEK #32",CORN,4,1,54,22,19," "," "," "," "," "," "," "," "," "," "
1987,"US TOTAL","  ","  ","   ","WEEK #33",CORN,3,1,60,17,19," "," "," "," "," "," "," "," "," "," "
1987,"US TOTAL","  ","  ","   ","WEEK #34",CORN,3,1,59,17,20," "," "," "," "," "," "," "," "," "," "
1987,"US TOTAL","  ","  ","   ","WEEK #35",CORN,3,1,58,17,21," "," "," "," "," "," "," "," "," "," "
1987,"US TOTAL","  ","  ","   ","WEEK #36",CORN,3,1,60,16,20," "," "," "," "," "," "," "," "," "," "
1987,"US TOTAL","  ","  ","   ","WEEK #37",CORN,3,1,59,16,21," "," "," "," "," "," "," "," "," "," "
1987,"US TOTAL","  ","  ","   ","WEEK #38",CORN,3,1,60,16,20," "," "," "," "," "," "," "," "," "," "
1987,"US TOTAL","  ","  ","   ","WEEK #39",CORN,3,1,61,15,20," "," "," "," "," "," "," "," "," "," "
1987,"US TOTAL","  ","  ","   ","WEEK #40",CORN,3,1,59,15,22," "," "," "," "," "," "," "," "," "," "
1987,"US TOTAL","  ","  ","   ","WEEK #41",CORN,3,1,61,13,22," "," "," "," "," "," "," "," "," "," "
1988,"US TOTAL","  ","  ","   ","WEEK #21",CORN,4,1,57,31,7," "," "," "," "," "," "," "," "," "," "
1988,"US TOTAL","  ","  ","   ","WEEK #22",CORN,6,1,49,38,6," "," "," "," "," "," "," "," "," "," "
1988,"US TOTAL","  ","  ","   ","WEEK #23",CORN,9,1,43,43,4," "," "," "," "," "," "," "," "," "," "
1988,"US TOTAL","  ","  ","   ","WEEK #24",CORN,14,2,34,47,3," "," "," "," "," "," "," "," "," "," "
1988,"US TOTAL","  ","  ","   ","WEEK #25",CORN,23,5,20,51,1," "," "," "," "," "," "," "," "," "," "
1988,"US TOTAL","  ","  ","   ","WEEK #26",CORN,23,6,21,48,2," "," "," "," "," "," "," "," "," "," "
1988,"US TOTAL","  ","  ","   ","WEEK #27",CORN,32,18,13,36,1," "," "," "," "," "," "," "," "," "," "
1988,"US TOTAL","  ","  ","   ","WEEK #28",CORN,32,18,16,32,2," "," "," "," "," "," "," "," "," "," "
1988,"US TOTAL","  ","  ","   ","WEEK #29",CORN,32,13,18,35,2," "," "," "," "," "," "," "," "," "," "
1988,"US TOTAL","  ","  ","   ","WEEK #30",CORN,33,15,16,33,3," "," "," "," "," "," "," "," "," "," "
1988,"US TOTAL","  ","  ","   ","WEEK #31",CORN,33,18,15,31,3," "," "," "," "," "," "," "," "," "," "
1988,"US TOTAL","  ","  ","   ","WEEK #32",CORN,36,16,15,30,3," "," "," "," "," "," "," "," "," "," "
1988,"US TOTAL","  ","  ","   ","WEEK #33",CORN,38,15,14,31,2," "," "," "," "," "," "," "," "," "," "
1988,"US TOTAL","  ","  ","   ","WEEK #34",CORN,34,12,15,36,3," "," "," "," "," "," "," "," "," "," "
1988,"US TOTAL","  ","  ","   ","WEEK #35",CORN,36,10,14,37,3," "," "," "," "," "," "," "," "," "," "
1988,"US TOTAL","  ","  ","   ","WEEK #36",CORN,34,11,17,36,2," "," "," "," "," "," "," "," "," "," "
1989,"US TOTAL","  ","  ","   ","WEEK #22",CORN,4,1,57,31,7," "," "," "," "," "," "," "," "," "," "
1989,"US TOTAL","  ","  ","   ","WEEK #23",CORN,4,1,56,31,8," "," "," "," "," "," "," "," "," "," "
1989,"US TOTAL","  ","  ","   ","WEEK #24",CORN,4,1,55,32,8," "," "," "," "," "," "," "," "," "," "
1989,"US TOTAL","  ","  ","   ","WEEK #25",CORN,4,1,57,30,8," "," "," "," "," "," "," "," "," "," "
1989,"US TOTAL","  ","  ","   ","WEEK #26",CORN,3," ",62,24,11," "," "," "," "," "," "," "," "," "," "
1989,"US TOTAL","  ","  ","   ","WEEK #27",CORN,5,1,51,33,10," "," "," "," "," "," "," "," "," "," "
1989,"US TOTAL","  ","  ","   ","WEEK #28",CORN,8,1,49,33,9," "," "," "," "," "," "," "," "," "," "
1989,"US TOTAL","  ","  ","   ","WEEK #29",CORN,3,1,58,26,12," "," "," "," "," "," "," "," "," "," "
1989,"US TOTAL","  ","  ","   ","WEEK #30",CORN,5,1,56,23,15," "," "," "," "," "," "," "," "," "," "
1989,"US TOTAL","  ","  ","   ","WEEK #31",CORN,5,1,55,23,16," "," "," "," "," "," "," "," "," "," "
1989,"US TOTAL","  ","  ","   ","WEEK #32",CORN,8,3,51,26,12," "," "," "," "," "," "," "," "," "," "
1989,"US TOTAL","  ","  ","   ","WEEK #33",CORN,11,3,46,27,13," "," "," "," "," "," "," "," "," "," "
1989,"US TOTAL","  ","  ","   ","WEEK #34",CORN,11,3,46,27,13," "," "," "," "," "," "," "," "," "," "
1989,"US TOTAL","  ","  ","   ","WEEK #35",CORN,8,3,50,25,14," "," "," "," "," "," "," "," "," "," "
1989,"US TOTAL","  ","  ","   ","WEEK #36",CORN,7,2,52,26,13," "," "," "," "," "," "," "," "," "," "
1989,"US TOTAL","  ","  ","   ","WEEK #37",CORN,6,2,56,24,12," "," "," "," "," "," "," "," "," "," "
1989,"US TOTAL","  ","  ","   ","WEEK #38",CORN,6,2,53,25,14," "," "," "," "," "," "," "," "," "," "
1989,"US TOTAL","  ","  ","   ","WEEK #39",CORN,8,2,54,24,12," "," "," "," "," "," "," "," "," "," "
1990,"US TOTAL","  ","  ","   ","WEEK #22",CORN,6,1,45,42,6," "," "," "," "," "," "," "," "," "," "
1990,"US TOTAL","  ","  ","   ","WEEK #23",CORN,7,1,47,40,5," "," "," "," "," "," "," "," "," "," "
1990,"US TOTAL","  ","  ","   ","WEEK #24",CORN,5,1,56,31,7," "," "," "," "," "," "," "," "," "," "
1990,"US TOTAL","  ","  ","   ","WEEK #25",CORN,5,1,57,30,7," "," "," "," "," "," "," "," "," "," "
1990,"US TOTAL","  ","  ","   ","WEEK #26",CORN,4,1,57,30,8," "," "," "," "," "," "," "," "," "," "
1990,"US TOTAL","  ","  ","   ","WEEK #27",CORN,4,1,59,27,9," "," "," "," "," "," "," "," "," "," "
1990,"US TOTAL","  ","  ","   ","WEEK #28",CORN,4,1,63,20,12," "," "," "," "," "," "," "," "," "," "
1990,"US TOTAL","  ","  ","   ","WEEK #29",CORN,4,1,62,21,12," "," "," "," "," "," "," "," "," "," "
1990,"US TOTAL","  ","  ","   ","WEEK #30",CORN,3,1,62,21,13," "," "," "," "," "," "," "," "," "," "
1990,"US TOTAL","  ","  ","   ","WEEK #31",CORN,3,1,60,20,16," "," "," "," "," "," "," "," "," "," "
1990,"US TOTAL","  ","  ","   ","WEEK #32",CORN,4,1,61,19,15," "," "," "," "," "," "," "," "," "," "
1990,"US TOTAL","  ","  ","   ","WEEK #33",CORN,5,1,60,18,16," "," "," "," "," "," "," "," "," "," "
1990,"US TOTAL","  ","  ","   ","WEEK #34",CORN,4,1,61,17,17," "," "," "," "," "," "," "," "," "," "
1990,"US TOTAL","  ","  ","   ","WEEK #35",CORN,4,1,63,16,16," "," "," "," "," "," "," "," "," "," "
1990,"US TOTAL","  ","  ","   ","WEEK #36",CORN,4,1,61,19,15," "," "," "," "," "," "," "," "," "," "
1990,"US TOTAL","  ","  ","   ","WEEK #37",CORN,3,1,62,20,14," "," "," "," "," "," "," "," "," "," "
1990,"US TOTAL","  ","  ","   ","WEEK #38",CORN,4,1,63,20,12," "," "," "," "," "," "," "," "," "," "
1990,"US TOTAL","  ","  ","   ","WEEK #39",CORN,4,1,66,18,11," "," "," "," "," "," "," "," "," "," "
1990,"US TOTAL","  ","  ","   ","WEEK #40",CORN,3,1,64,20,12," "," "," "," "," "," "," "," "," "," "
1990,"US TOTAL","  ","  ","   ","WEEK #41",CORN,3,1,65,21,10," "," "," "," "," "," "," "," "," "," "
1991,"US TOTAL","  ","  ","   ","WEEK #22",CORN,2,1,61,16,20," "," "," "," "," "," "," "," "," "," "
1991,"US TOTAL","  ","  ","   ","WEEK #23",CORN,2," ",61,17,20," "," "," "," "," "," "," "," "," "," "
1991,"US TOTAL","  ","  ","   ","WEEK #24",CORN,2," ",61,20,17," "," "," "," "," "," "," "," "," "," "
1991,"US TOTAL","  ","  ","   ","WEEK #25",CORN,2," ",60,19,19," "," "," "," "," "," "," "," "," "," "
1991,"US TOTAL","  ","  ","   ","WEEK #26",CORN,4," ",57,21,18," "," "," "," "," "," "," "," "," "," "
1991,"US TOTAL","  ","  ","   ","WEEK #27",CORN,4,2,54,26,14," "," "," "," "," "," "," "," "," "," "
1991,"US TOTAL","  ","  ","   ","WEEK #28",CORN,4,1,53,29,13," "," "," "," "," "," "," "," "," "," "
1991,"US TOTAL","  ","  ","   ","WEEK #29",CORN,6,3,48,33,10," "," "," "," "," "," "," "," "," "," "
1991,"US TOTAL","  ","  ","   ","WEEK #30",CORN,10,3,43,34,10," "," "," "," "," "," "," "," "," "," "
1991,"US TOTAL","  ","  ","   ","WEEK #31",CORN,16,5,39,32,8," "," "," "," "," "," "," "," "," "," "
1991,"US TOTAL","  ","  ","   ","WEEK #32",CORN,14,5,38,34,9," "," "," "," "," "," "," "," "," "," "
1991,"US TOTAL","  ","  ","   ","WEEK #33",CORN,12,5,38,36,9," "," "," "," "," "," "," "," "," "," "
1991,"US TOTAL","  ","  ","   ","WEEK #34",CORN,12,6,39,35,8," "," "," "," "," "," "," "," "," "," "
1991,"US TOTAL","  ","  ","   ","WEEK #35",CORN,14,4,37,37,8," "," "," "," "," "," "," "," "," "," "
1991,"US TOTAL","  ","  ","   ","WEEK #36",CORN,12,5,42,35,6," "," "," "," "," "," "," "," "," "," "
1991,"US TOTAL","  ","  ","   ","WEEK #37",CORN,12,4,40,36,8," "," "," "," "," "," "," "," "," "," "
1991,"US TOTAL","  ","  ","   ","WEEK #38",CORN,11,4,43,34,8," "," "," "," "," "," "," "," "," "," "
1991,"US TOTAL","  ","  ","   ","WEEK #39",CORN,10,4,44,34,8," "," "," "," "," "," "," "," "," "," "
1991,"US TOTAL","  ","  ","   ","WEEK #40",CORN,9,5,44,33,9," "," "," "," "," "," "," "," "," "," "
1992,"US TOTAL","  ","  ","   ","WEEK #21",CORN,3," ",61,26,10," "," "," "," "," "," "," "," "," "," "
1992,"US TOTAL","  ","  ","   ","WEEK #22",CORN,8,1,42,44,5," "," "," "," "," "," "," "," "," "," "
1992,"US TOTAL","  ","  ","   ","WEEK #23",CORN,8,1,42,45,4," "," "," "," "," "," "," "," "," "," "
1992,"US TOTAL","  ","  ","   ","WEEK #24",CORN,6,1,47,41,5," "," "," "," "," "," "," "," "," "," "
1992,"US TOTAL","  ","  ","   ","WEEK #25",CORN,6," ",52,35,7," "," "," "," "," "," "," "," "," "," "
1992,"US TOTAL","  ","  ","   ","WEEK #26",CORN,6,2,48,37,7," "," "," "," "," "," "," "," "," "," "
1992,"US TOTAL","  ","  ","   ","WEEK #27",CORN,9,1,45,38,7," "," "," "," "," "," "," "," "," "," "
1992,"US TOTAL","  ","  ","   ","WEEK #28",CORN,4,1,55,29,11," "," "," "," "," "," "," "," "," "," "
1992,"US TOTAL","  ","  ","   ","WEEK #29",CORN,3,1,59,21,16," "," "," "," "," "," "," "," "," "," "
1992,"US TOTAL","  ","  ","   ","WEEK #30",CORN,3,1,57,20,19," "," "," "," "," "," "," "," "," "," "
1992,"US TOTAL","  ","  ","   ","WEEK #31",CORN,3,1,58,17,21," "," "," "," "," "," "," "," "," "," "
1992,"US TOTAL","  ","  ","   ","WEEK #32",CORN,3,1,57,18,21," "," "," "," "," "," "," "," "," "," "
1992,"US TOTAL","  ","  ","   ","WEEK #33",CORN,3,1,58,17,21," "," "," "," "," "," "," "," "," "," "
1992,"US TOTAL","  ","  ","   ","WEEK #34",CORN,4,1,61,16,18," "," "," "," "," "," "," "," "," "," "
1992,"US TOTAL","  ","  ","   ","WEEK #35",CORN,4,1,61,17,17," "," "," "," "," "," "," "," "," "," "
1992,"US TOTAL","  ","  ","   ","WEEK #36",CORN,4,1,60,18,17," "," "," "," "," "," "," "," "," "," "
1992,"US TOTAL","  ","  ","   ","WEEK #37",CORN,4,1,61,18,16," "," "," "," "," "," "," "," "," "," "
1992,"US TOTAL","  ","  ","   ","WEEK #38",CORN,3,1,62,18,16," "," "," "," "," "," "," "," "," "," "
1992,"US TOTAL","  ","  ","   ","WEEK #39",CORN,3,1,63,16,17," "," "," "," "," "," "," "," "," "," "
1992,"US TOTAL","  ","  ","   ","WEEK #40",CORN,3,2,61,16,18," "," "," "," "," "," "," "," "," "," "
1992,"US TOTAL","  ","  ","   ","WEEK #41",CORN,3,2,61,16,18," "," "," "," "," "," "," "," "," "," "
1992,"US TOTAL","  ","  ","   ","WEEK #42",CORN,3,1,61,17,18," "," "," "," "," "," "," "," "," "," "
1992,"US TOTAL","  ","  ","   ","WEEK #43",CORN,3,1,55,16,25," "," "," "," "," "," "," "," "," "," "
1992,"US TOTAL","  ","  ","   ","WEEK #44",CORN,3,1,55,16,25," "," "," "," "," "," "," "," "," "," "
1993,"US TOTAL","  ","  ","   ","WEEK #22",CORN,7,2,47,40,4," "," "," "," "," "," "," "," "," "," "
1993,"US TOTAL","  ","  ","   ","WEEK #23",CORN,6,1,53,36,4," "," "," "," "," "," "," "," "," "," "
1993,"US TOTAL","  ","  ","   ","WEEK #24",CORN,7,1,52,35,5," "," "," "," "," "," "," "," "," "," "
1993,"US TOTAL","  ","  ","   ","WEEK #25",CORN,6,1,51,36,6," "," "," "," "," "," "," "," "," "," "
1993,"US TOTAL","  ","  ","   ","WEEK #26",CORN,9,2,46,35,8," "," "," "," "," "," "," "," "," "," "
1993,"US TOTAL","  ","  ","   ","WEEK #27",CORN,10,3,43,36,8," "," "," "," "," "," "," "," "," "," "
1993,"US TOTAL","  ","  ","   ","WEEK #28",CORN,12,4,41,35,8," "," "," "," "," "," "," "," "," "," "
1993,"US TOTAL","  ","  ","   ","WEEK #29",CORN,14,4,41,33,8," "," "," "," "," "," "," "," "," "," "
1993,"US TOTAL","  ","  ","   ","WEEK #30",CORN,13,3,44,31,9," "," "," "," "," "," "," "," "," "," "
1993,"US TOTAL","  ","  ","   ","WEEK #31",CORN,15,3,43,30,9," "," "," "," "," "," "," "," "," "," "
1993,"US TOTAL","  ","  ","   ","WEEK #32",CORN,12,4,43,33,8," "," "," "," "," "," "," "," "," "," "
1993,"US TOTAL","  ","  ","   ","WEEK #33",CORN,14,3,44,31,8," "," "," "," "," "," "," "," "," "," "
1993,"US TOTAL","  ","  ","   ","WEEK #34",CORN,11,2,46,32,9," "," "," "," "," "," "," "," "," "," "
1993,"US TOTAL","  ","  ","   ","WEEK #35",CORN,12,3,44,34,7," "," "," "," "," "," "," "," "," "," "
1993,"US TOTAL","  ","  ","   ","WEEK #36",CORN,12,3,46,32,7," "," "," "," "," "," "," "," "," "," "
1993,"US TOTAL","  ","  ","   ","WEEK #37",CORN,12,3,44,35,6," "," "," "," "," "," "," "," "," "," "
1993,"US TOTAL","  ","  ","   ","WEEK #38",CORN,13,3,43,35,6," "," "," "," "," "," "," "," "," "," "
1993,"US TOTAL","  ","  ","   ","WEEK #39",CORN,12,3,44,36,5," "," "," "," "," "," "," "," "," "," "
1993,"US TOTAL","  ","  ","   ","WEEK #40",CORN,12,3,43,36,6," "," "," "," "," "," "," "," "," "," "
1993,"US TOTAL","  ","  ","   ","WEEK #41",CORN,15,3,40,36,6," "," "," "," "," "," "," "," "," "," "
1993,"US TOTAL","  ","  ","   ","WEEK #42",CORN,15,4,39,36,6," "," "," "," "," "," "," "," "," "," "
1994,"US TOTAL","  ","  ","   ","WEEK #21",CORN,1," ",70,20,9," "," "," "," "," "," "," "," "," "," "
1994,"US TOTAL","  ","  ","   ","WEEK #22",CORN,2," ",66,25,7," "," "," "," "," "," "," "," "," "," "
1994,"US TOTAL","  ","  ","   ","WEEK #23",CORN,2," ",65,25,8," "," "," "," "," "," "," "," "," "," "
1994,"US TOTAL","  ","  ","   ","WEEK #24",CORN,2," ",67,21,10," "," "," "," "," "," "," "," "," "," "
1994,"US TOTAL","  ","  ","   ","WEEK #25",CORN,3," ",61,18,18," "," "," "," "," "," "," "," "," "," "
1994,"US TOTAL","  ","  ","   ","WEEK #26",CORN,1," ",61,16,22," "," "," "," "," "," "," "," "," "," "
1994,"US TOTAL","  ","  ","   ","WEEK #27",CORN,1," ",57,14,28," "," "," "," "," "," "," "," "," "," "
1994,"US TOTAL","  ","  ","   ","WEEK #28",CORN,1," ",57,13,29," "," "," "," "," "," "," "," "," "," "
1994,"US TOTAL","  ","  ","   ","WEEK #29",CORN,2," ",55,12,31," "," "," "," "," "," "," "," "," "," "
1994,"US TOTAL","  ","  ","   ","WEEK #30",CORN,2,1,56,12,29," "," "," "," "," "," "," "," "," "," "
1994,"US TOTAL","  ","  ","   ","WEEK #31",CORN,2," ",59,14,25," "," "," "," "," "," "," "," "," "," "
1994,"US TOTAL","  ","  ","   ","WEEK #32",CORN,2,1,59,14,24," "," "," "," "," "," "," "," "," "," "
1994,"US TOTAL","  ","  ","   ","WEEK #33",CORN,2,1,59,16,22," "," "," "," "," "," "," "," "," "," "
1994,"US TOTAL","  ","  ","   ","WEEK #34",CORN,2,1,58,20,19," "," "," "," "," "," "," "," "," "," "
1994,"US TOTAL","  ","  ","   ","WEEK #35",CORN,2," ",61,18,19," "," "," "," "," "," "," "," "," "," "
1994,"US TOTAL","  ","  ","   ","WEEK #36",CORN,2," ",63,14,21," "," "," "," "," "," "," "," "," "," "
1994,"US TOTAL","  ","  ","   ","WEEK #37",CORN,2," ",62,15,21," "," "," "," "," "," "," "," "," "," "
1994,"US TOTAL","  ","  ","   ","WEEK #38",CORN,2," ",60,13,25," "," "," "," "," "," "," "," "," "," "
1994,"US TOTAL","  ","  ","   ","WEEK #39",CORN,1,1,60,12,26," "," "," "," "," "," "," "," "," "," "
1995,"US TOTAL","  ","  ","   ","WEEK #24",CORN,7,1,51,32,9," "," "," "," "," "," "," "," "," "," "
1995,"US TOTAL","  ","  ","   ","WEEK #25",CORN,7,1,51,32,9," "," "," "," "," "," "," "," "," "," "
1995,"US TOTAL","  ","  ","   ","WEEK #26",CORN,6,1,50,30,13," "," "," "," "," "," "," "," "," "," "
1995,"US TOTAL","  ","  ","   ","WEEK #27",CORN,6,1,53,27,13," "," "," "," "," "," "," "," "," "," "
1995,"US TOTAL","  ","  ","   ","WEEK #28",CORN,7,1,50,30,12," "," "," "," "," "," "," "," "," "," "
1995,"US TOTAL","  ","  ","   ","WEEK #29",CORN,8,1,48,31,12," "," "," "," "," "," "," "," "," "," "
1995,"US TOTAL","  ","  ","   ","WEEK #30",CORN,7,2,48,30,13," "," "," "," "," "," "," "," "," "," "
1995,"US TOTAL","  ","  ","   ","WEEK #31",CORN,7,1,51,28,13," "," "," "," "," "," "," "," "," "," "
1995,"US TOTAL","  ","  ","   ","WEEK #32",CORN,6,1,52,27,14," "," "," "," "," "," "," "," "," "," "
1995,"US TOTAL","  ","  ","   ","WEEK #33",CORN,6,1,52,26,15," "," "," "," "," "," "," "," "," "," "
1995,"US TOTAL","  ","  ","   ","WEEK #34",CORN,7,2,50,28,13," "," "," "," "," "," "," "," "," "," "
1995,"US TOTAL","  ","  ","   ","WEEK #35",CORN,9,1,48,30,12," "," "," "," "," "," "," "," "," "," "
1995,"US TOTAL","  ","  ","   ","WEEK #36",CORN,9,2,49,31,9," "," "," "," "," "," "," "," "," "," "
1995,"US TOTAL","  ","  ","   ","WEEK #37",CORN,9,2,46,34,9," "," "," "," "," "," "," "," "," "," "
1995,"US TOTAL","  ","  ","   ","WEEK #38",CORN,10,2,46,35,7," "," "," "," "," "," "," "," "," "," "
1995,"US TOTAL","  ","  ","   ","WEEK #39",CORN,10,2,44,36,8," "," "," "," "," "," "," "," "," "," "
1995,"US TOTAL","  ","  ","   ","WEEK #40",CORN,10,2,46,36,6," "," "," "," "," "," "," "," "," "," "
1996,"US TOTAL","  ","  ","   ","WEEK #22",CORN,9,2,45,38,6," "," "," "," "," "," "," "," "," "," "
1996,"US TOTAL","  ","  ","   ","WEEK #23",CORN,9,2,44,39,6," "," "," "," "," "," "," "," "," "," "
1996,"US TOTAL","  ","  ","   ","WEEK #24",CORN,9,2,48,33,8," "," "," "," "," "," "," "," "," "," "
1996,"US TOTAL","  ","  ","   ","WEEK #25",CORN,8,2,50,30,10," "," "," "," "," "," "," "," "," "," "
1996,"US TOTAL","  ","  ","   ","WEEK #26",CORN,7,2,50,30,11," "," "," "," "," "," "," "," "," "," "
1996,"US TOTAL","  ","  ","   ","WEEK #27",CORN,8,2,48,29,13," "," "," "," "," "," "," "," "," "," "
1996,"US TOTAL","  ","  ","   ","WEEK #28",CORN,8,3,48,28,13," "," "," "," "," "," "," "," "," "," "
1996,"US TOTAL","  ","  ","   ","WEEK #29",CORN,8,3,47,28,14," "," "," "," "," "," "," "," "," "," "
1996,"US TOTAL","  ","  ","   ","WEEK #30",CORN,8,3,47,28,14," "," "," "," "," "," "," "," "," "," "
1996,"US TOTAL","  ","  ","   ","WEEK #31",CORN,8,3,47,27,15," "," "," "," "," "," "," "," "," "," "
1996,"US TOTAL","  ","  ","   ","WEEK #32",CORN,8,3,48,25,16," "," "," "," "," "," "," "," "," "," "
1996,"US TOTAL","  ","  ","   ","WEEK #33",CORN,9,3,46,26,16," "," "," "," "," "," "," "," "," "," "
1996,"US TOTAL","  ","  ","   ","WEEK #34",CORN,9,3,47,26,15," "," "," "," "," "," "," "," "," "," "
1996,"US TOTAL","  ","  ","   ","WEEK #35",CORN,9,3,45,26,17," "," "," "," "," "," "," "," "," "," "
1996,"US TOTAL","  ","  ","   ","WEEK #36",CORN,9,3,47,26,15," "," "," "," "," "," "," "," "," "," "
1996,"US TOTAL","  ","  ","   ","WEEK #37",CORN,8,3,46,28,15," "," "," "," "," "," "," "," "," "," "
1996,"US TOTAL","  ","  ","   ","WEEK #38",CORN,8,3,47,27,15," "," "," "," "," "," "," "," "," "," "
1996,"US TOTAL","  ","  ","   ","WEEK #39",CORN,7,2,47,26,18," "," "," "," "," "," "," "," "," "," "
1996,"US TOTAL","  ","  ","   ","WEEK #40",CORN,7,2,48,26,17," "," "," "," "," "," "," "," "," "," "
1996,"US TOTAL","  ","  ","   ","WEEK #41",CORN,7,2,48,25,18," "," "," "," "," "," "," "," "," "," "
1997,"US TOTAL","  ","  ","   ","WEEK #22",CORN,6,1,52,33,8," "," "," "," "," "," "," "," "," "," "
1997,"US TOTAL","  ","  ","   ","WEEK #23",CORN,4,1,55,30,10," "," "," "," "," "," "," "," "," "," "
1997,"US TOTAL","  ","  ","   ","WEEK #24",CORN,5,1,54,28,12," "," "," "," "," "," "," "," "," "," "
1997,"US TOTAL","  ","  ","   ","WEEK #25",CORN,6,1,54,26,13," "," "," "," "," "," "," "," "," "," "
1997,"US TOTAL","  ","  ","   ","WEEK #26",CORN,4,1,57,21,17," "," "," "," "," "," "," "," "," "," "
1997,"US TOTAL","  ","  ","   ","WEEK #27",CORN,4,1,57,20,18," "," "," "," "," "," "," "," "," "," "
1997,"US TOTAL","  ","  ","   ","WEEK #28",CORN,4,1,56,22,17," "," "," "," "," "," "," "," "," "," "
1997,"US TOTAL","  ","  ","   ","WEEK #29",CORN,6,1,50,25,18," "," "," "," "," "," "," "," "," "," "
1997,"US TOTAL","  ","  ","   ","WEEK #30",CORN,6,2,51,24,17," "," "," "," "," "," "," "," "," "," "
1997,"US TOTAL","  ","  ","   ","WEEK #31",CORN,7,2,50,25,16," "," "," "," "," "," "," "," "," "," "
1997,"US TOTAL","  ","  ","   ","WEEK #32",CORN,11,3,43,28,15," "," "," "," "," "," "," "," "," "," "
1997,"US TOTAL","  ","  ","   ","WEEK #33",CORN,9,3,45,28,15," "," "," "," "," "," "," "," "," "," "
1997,"US TOTAL","  ","  ","   ","WEEK #34",CORN,8,2,48,27,15," "," "," "," "," "," "," "," "," "," "
1997,"US TOTAL","  ","  ","   ","WEEK #35",CORN,8,3,48,27,14," "," "," "," "," "," "," "," "," "," "
1997,"US TOTAL","  ","  ","   ","WEEK #36",CORN,8,2,49,27,14," "," "," "," "," "," "," "," "," "," "
1997,"US TOTAL","  ","  ","   ","WEEK #37",CORN,8,3,47,28,14," "," "," "," "," "," "," "," "," "," "
1997,"US TOTAL","  ","  ","   ","WEEK #38",CORN,8,3,48,27,14," "," "," "," "," "," "," "," "," "," "
1997,"US TOTAL","  ","  ","   ","WEEK #39",CORN,7,2,51,26,14," "," "," "," "," "," "," "," "," "," "
1997,"US TOTAL","  ","  ","   ","WEEK #40",CORN,7,2,50,27,14," "," "," "," "," "," "," "," "," "," "
1998,"US TOTAL","  ","  ","   ","WEEK #22",CORN,3,1,57,20,19," "," "," "," "," "," "," "," "," "," "
1998,"US TOTAL","  ","  ","   ","WEEK #23",CORN,4,1,57,21,17," "," "," "," "," "," "," "," "," "," "
1998,"US TOTAL","  ","  ","   ","WEEK #24",CORN,5,2,55,23,15," "," "," "," "," "," "," "," "," "," "
1998,"US TOTAL","  ","  ","   ","WEEK #25",CORN,6,3,51,25,15," "," "," "," "," "," "," "," "," "," "
1998,"US TOTAL","  ","  ","   ","WEEK #26",CORN,7,3,51,23,16," "," "," "," "," "," "," "," "," "," "
1998,"US TOTAL","  ","  ","   ","WEEK #27",CORN,7,3,50,24,16," "," "," "," "," "," "," "," "," "," "
1998,"US TOTAL","  ","  ","   ","WEEK #28",CORN,8,3,49,21,19," "," "," "," "," "," "," "," "," "," "
1998,"US TOTAL","  ","  ","   ","WEEK #29",CORN,7,4,47,23,19," "," "," "," "," "," "," "," "," "," "
1998,"US TOTAL","  ","  ","   ","WEEK #30",CORN,7,3,49,22,19," "," "," "," "," "," "," "," "," "," "
1998,"US TOTAL","  ","  ","   ","WEEK #31",CORN,7,3,49,22,19," "," "," "," "," "," "," "," "," "," "
1998,"US TOTAL","  ","  ","   ","WEEK #32",CORN,7,4,48,21,20," "," "," "," "," "," "," "," "," "," "
1998,"US TOTAL","  ","  ","   ","WEEK #33",CORN,7,3,49,22,19," "," "," "," "," "," "," "," "," "," "
1998,"US TOTAL","  ","  ","   ","WEEK #34",CORN,7,3,48,22,20," "," "," "," "," "," "," "," "," "," "
1998,"US TOTAL","  ","  ","   ","WEEK #35",CORN,7,2,50,22,19," "," "," "," "," "," "," "," "," "," "
1998,"US TOTAL","  ","  ","   ","WEEK #36",CORN,7,3,50,23,17," "," "," "," "," "," "," "," "," "," "
1998,"US TOTAL","  ","  ","   ","WEEK #37",CORN,8,3,47,24,18," "," "," "," "," "," "," "," "," "," "
1998,"US TOTAL","  ","  ","   ","WEEK #38",CORN,7,3,50,22,18," "," "," "," "," "," "," "," "," "," "
1998,"US TOTAL","  ","  ","   ","WEEK #39",CORN,6,3,49,22,20," "," "," "," "," "," "," "," "," "," "
1999,"US TOTAL","  ","  ","   ","WEEK #21",CORN,3,1,58,21,17," "," "," "," "," "," "," "," "," "," "
1999,"US TOTAL","  ","  ","   ","WEEK #22",CORN,3,1,57,20,19," "," "," "," "," "," "," "," "," "," "
1999,"US TOTAL","  ","  ","   ","WEEK #23",CORN,4,1,56,20,19," "," "," "," "," "," "," "," "," "," "
1999,"US TOTAL","  ","  ","   ","WEEK #24",CORN,4,1,55,20,20," "," "," "," "," "," "," "," "," "," "
1999,"US TOTAL","  ","  ","   ","WEEK #25",CORN,3,1,55,19,22," "," "," "," "," "," "," "," "," "," "
1999,"US TOTAL","  ","  ","   ","WEEK #26",CORN,4,1,53,18,24," "," "," "," "," "," "," "," "," "," "
1999,"US TOTAL","  ","  ","   ","WEEK #27",CORN,4,1,54,17,24," "," "," "," "," "," "," "," "," "," "
1999,"US TOTAL","  ","  ","   ","WEEK #28",CORN,6,2,51,20,21," "," "," "," "," "," "," "," "," "," "
1999,"US TOTAL","  ","  ","   ","WEEK #29",CORN,7,2,50,21,20," "," "," "," "," "," "," "," "," "," "
1999,"US TOTAL","  ","  ","   ","WEEK #30",CORN,9,3,46,25,17," "," "," "," "," "," "," "," "," "," "
1999,"US TOTAL","  ","  ","   ","WEEK #31",CORN,10,4,44,26,16," "," "," "," "," "," "," "," "," "," "
1999,"US TOTAL","  ","  ","   ","WEEK #32",CORN,10,5,43,27,15," "," "," "," "," "," "," "," "," "," "
1999,"US TOTAL","  ","  ","   ","WEEK #33",CORN,10,4,43,28,15," "," "," "," "," "," "," "," "," "," "
1999,"US TOTAL","  ","  ","   ","WEEK #34",CORN,10,4,43,29,14," "," "," "," "," "," "," "," "," "," "
1999,"US TOTAL","  ","  ","   ","WEEK #35",CORN,10,5,43,26,16," "," "," "," "," "," "," "," "," "," "
1999,"US TOTAL","  ","  ","   ","WEEK #36",CORN,10,5,44,27,14," "," "," "," "," "," "," "," "," "," "
1999,"US TOTAL","  ","  ","   ","WEEK #37",CORN,10,5,45,27,13," "," "," "," "," "," "," "," "," "," "
1999,"US TOTAL","  ","  ","   ","WEEK #38",CORN,9,5,44,28,14," "," "," "," "," "," "," "," "," "," "
1999,"US TOTAL","  ","  ","   ","WEEK #39",CORN,9,4,45,27,15," "," "," "," "," "," "," "," "," "," "
2000,"US TOTAL","  ","  ","   ","WEEK #20",CORN,4,1,57,25,13," "," "," "," "," "," "," "," "," "," "
2000,"US TOTAL","  ","  ","   ","WEEK #21",CORN,5,1,55,24,15," "," "," "," "," "," "," "," "," "," "
2000,"US TOTAL","  ","  ","   ","WEEK #22",CORN,4,1,55,24,16," "," "," "," "," "," "," "," "," "," "
2000,"US TOTAL","  ","  ","   ","WEEK #23",CORN,6,2,53,23,16," "," "," "," "," "," "," "," "," "," "
2000,"US TOTAL","  ","  ","   ","WEEK #24",CORN,5,2,52,21,20," "," "," "," "," "," "," "," "," "," "
2000,"US TOTAL","  ","  ","   ","WEEK #25",CORN,5,1,52,21,21," "," "," "," "," "," "," "," "," "," "
2000,"US TOTAL","  ","  ","   ","WEEK #26",CORN,5,2,51,19,23," "," "," "," "," "," "," "," "," "," "
2000,"US TOTAL","  ","  ","   ","WEEK #27",CORN,5,2,50,19,24," "," "," "," "," "," "," "," "," "," "
2000,"US TOTAL","  ","  ","   ","WEEK #28",CORN,5,2,50,18,25," "," "," "," "," "," "," "," "," "," "
2000,"US TOTAL","  ","  ","   ","WEEK #29",CORN,5,2,50,18,25," "," "," "," "," "," "," "," "," "," "
2000,"US TOTAL","  ","  ","   ","WEEK #30",CORN,5,2,50,19,24," "," "," "," "," "," "," "," "," "," "
2000,"US TOTAL","  ","  ","   ","WEEK #31",CORN,6,3,47,19,25," "," "," "," "," "," "," "," "," "," "
2000,"US TOTAL","  ","  ","   ","WEEK #32",CORN,6,3,47,20,24," "," "," "," "," "," "," "," "," "," "
2000,"US TOTAL","  ","  ","   ","WEEK #33",CORN,7,4,46,20,23," "," "," "," "," "," "," "," "," "," "
2000,"US TOTAL","  ","  ","   ","WEEK #34",CORN,7,4,45,22,22," "," "," "," "," "," "," "," "," "," "
2000,"US TOTAL","  ","  ","   ","WEEK #35",CORN,7,4,46,23,20," "," "," "," "," "," "," "," "," "," "
2000,"US TOTAL","  ","  ","   ","WEEK #36",CORN,8,5,44,25,18," "," "," "," "," "," "," "," "," "," "
2000,"US TOTAL","  ","  ","   ","WEEK #37",CORN,8,4,47,24,17," "," "," "," "," "," "," "," "," "," "
2000,"US TOTAL","  ","  ","   ","WEEK #38",CORN,8,4,46,25,17," "," "," "," "," "," "," "," "," "," "
2000,"US TOTAL","  ","  ","   ","WEEK #39",CORN,8,4,46,25,17," "," "," "," "," "," "," "," "," "," "
2001,"US TOTAL","  ","  ","   ","WEEK #20",CORN,4,1,57,23,15," "," "," "," "," "," "," "," "," "," "
2001,"US TOTAL","  ","  ","   ","WEEK #21",CORN,4,1,58,25,12," "," "," "," "," "," "," "," "," "," "
2001,"US TOTAL","  ","  ","   ","WEEK #22",CORN,6,1,53,29,11," "," "," "," "," "," "," "," "," "," "
2001,"US TOTAL","  ","  ","   ","WEEK #23",CORN,7,1,51,30,11," "," "," "," "," "," "," "," "," "," "
2001,"US TOTAL","  ","  ","   ","WEEK #24",CORN,7,2,50,28,13," "," "," "," "," "," "," "," "," "," "
2001,"US TOTAL","  ","  ","   ","WEEK #25",CORN,5,1,54,25,15," "," "," "," "," "," "," "," "," "," "
2001,"US TOTAL","  ","  ","   ","WEEK #26",CORN,6,1,53,24,16," "," "," "," "," "," "," "," "," "," "
2001,"US TOTAL","  ","  ","   ","WEEK #27",CORN,6,1,53,24,16," "," "," "," "," "," "," "," "," "," "
2001,"US TOTAL","  ","  ","   ","WEEK #28",CORN,7,2,50,26,15," "," "," "," "," "," "," "," "," "," "
2001,"US TOTAL","  ","  ","   ","WEEK #29",CORN,9,3,45,29,14," "," "," "," "," "," "," "," "," "," "
2001,"US TOTAL","  ","  ","   ","WEEK #30",CORN,8,2,49,26,15," "," "," "," "," "," "," "," "," "," "
2001,"US TOTAL","  ","  ","   ","WEEK #31",CORN,9,3,45,28,15," "," "," "," "," "," "," "," "," "," "
2001,"US TOTAL","  ","  ","   ","WEEK #32",CORN,10,4,45,29,12," "," "," "," "," "," "," "," "," "," "
2001,"US TOTAL","  ","  ","   ","WEEK #33",CORN,11,4,43,31,11," "," "," "," "," "," "," "," "," "," "
2001,"US TOTAL","  ","  ","   ","WEEK #34",CORN,11,4,43,30,12," "," "," "," "," "," "," "," "," "," "
2001,"US TOTAL","  ","  ","   ","WEEK #35",CORN,11,5,42,31,11," "," "," "," "," "," "," "," "," "," "
2001,"US TOTAL","  ","  ","   ","WEEK #36",CORN,11,4,42,31,12," "," "," "," "," "," "," "," "," "," "
2001,"US TOTAL","  ","  ","   ","WEEK #37",CORN,10,4,44,30,12," "," "," "," "," "," "," "," "," "," "
2001,"US TOTAL","  ","  ","   ","WEEK #38",CORN,10,4,43,30,13," "," "," "," "," "," "," "," "," "," "
2001,"US TOTAL","  ","  ","   ","WEEK #39",CORN,9,4,44,30,13," "," "," "," "," "," "," "," "," "," "
2001,"US TOTAL","  ","  ","   ","WEEK #40",CORN,9,3,44,30,14," "," "," "," "," "," "," "," "," "," "
2002,"US TOTAL","  ","  ","   ","WEEK #21",CORN,13,4,38,40,5," "," "," "," "," "," "," "," "," "," "
2002,"US TOTAL","  ","  ","   ","WEEK #22",CORN,8,3,47,35,7," "," "," "," "," "," "," "," "," "," "
2002,"US TOTAL","  ","  ","   ","WEEK #23",CORN,7,2,49,32,10," "," "," "," "," "," "," "," "," "," "
2002,"US TOTAL","  ","  ","   ","WEEK #24",CORN,7,2,50,29,12," "," "," "," "," "," "," "," "," "," "
2002,"US TOTAL","  ","  ","   ","WEEK #25",CORN,8,2,49,28,13," "," "," "," "," "," "," "," "," "," "
2002,"US TOTAL","  ","  ","   ","WEEK #26",CORN,9,3,46,30,12," "," "," "," "," "," "," "," "," "," "
2002,"US TOTAL","  ","  ","   ","WEEK #27",CORN,11,4,43,32,10," "," "," "," "," "," "," "," "," "," "
2002,"US TOTAL","  ","  ","   ","WEEK #28",CORN,13,5,40,33,9," "," "," "," "," "," "," "," "," "," "
2002,"US TOTAL","  ","  ","   ","WEEK #29",CORN,16,9,35,33,7," "," "," "," "," "," "," "," "," "," "
2002,"US TOTAL","  ","  ","   ","WEEK #30",CORN,17,10,35,31,7," "," "," "," "," "," "," "," "," "," "
2002,"US TOTAL","  ","  ","   ","WEEK #31",CORN,17,12,33,30,8," "," "," "," "," "," "," "," "," "," "
2002,"US TOTAL","  ","  ","   ","WEEK #32",CORN,18,13,31,30,8," "," "," "," "," "," "," "," "," "," "
2002,"US TOTAL","  ","  ","   ","WEEK #33",CORN,17,13,32,30,8," "," "," "," "," "," "," "," "," "," "
2002,"US TOTAL","  ","  ","   ","WEEK #34",CORN,16,13,33,29,9," "," "," "," "," "," "," "," "," "," "
2002,"US TOTAL","  ","  ","   ","WEEK #35",CORN,17,13,33,29,8," "," "," "," "," "," "," "," "," "," "
2002,"US TOTAL","  ","  ","   ","WEEK #36",CORN,17,14,32,28,9," "," "," "," "," "," "," "," "," "," "
2002,"US TOTAL","  ","  ","   ","WEEK #37",CORN,17,14,33,27,9," "," "," "," "," "," "," "," "," "," "
2002,"US TOTAL","  ","  ","   ","WEEK #38",CORN,17,13,33,28,9," "," "," "," "," "," "," "," "," "," "
2002,"US TOTAL","  ","  ","   ","WEEK #39",CORN,17,13,34,27,9," "," "," "," "," "," "," "," "," "," "
2002,"US TOTAL","  ","  ","   ","WEEK #40",CORN,17,12,34,27,10," "," "," "," "," "," "," "," "," "," "
2003,"US TOTAL","  ","  ","   ","WEEK #22",CORN,4,1,55,27,13," "," "," "," "," "," "," "," "," "," "
2003,"US TOTAL","  ","  ","   ","WEEK #23",CORN,5,1,55,25,14," "," "," "," "," "," "," "," "," "," "
2003,"US TOTAL","  ","  ","   ","WEEK #24",CORN,5,1,56,23,15," "," "," "," "," "," "," "," "," "," "
2003,"US TOTAL","  ","  ","   ","WEEK #25",CORN,5,1,56,21,17," "," "," "," "," "," "," "," "," "," "
2003,"US TOTAL","  ","  ","   ","WEEK #26",CORN,4,1,56,20,19," "," "," "," "," "," "," "," "," "," "
2003,"US TOTAL","  ","  ","   ","WEEK #27",CORN,5,1,54,21,19," "," "," "," "," "," "," "," "," "," "
2003,"US TOTAL","  ","  ","   ","WEEK #28",CORN,5,2,52,19,22," "," "," "," "," "," "," "," "," "," "
2003,"US TOTAL","  ","  ","   ","WEEK #29",CORN,6,2,50,20,22," "," "," "," "," "," "," "," "," "," "
2003,"US TOTAL","  ","  ","   ","WEEK #30",CORN,7,3,48,21,21," "," "," "," "," "," "," "," "," "," "
2003,"US TOTAL","  ","  ","   ","WEEK #31",CORN,8,3,47,22,20," "," "," "," "," "," "," "," "," "," "
2003,"US TOTAL","  ","  ","   ","WEEK #32",CORN,9,4,45,22,20," "," "," "," "," "," "," "," "," "," "
2003,"US TOTAL","  ","  ","   ","WEEK #33",CORN,10,6,44,24,16," "," "," "," "," "," "," "," "," "," "
2003,"US TOTAL","  ","  ","   ","WEEK #34",CORN,13,8,39,29,11," "," "," "," "," "," "," "," "," "," "
2003,"US TOTAL","  ","  ","   ","WEEK #35",CORN,16,9,36,29,10," "," "," "," "," "," "," "," "," "," "
2003,"US TOTAL","  ","  ","   ","WEEK #36",CORN,16,11,35,29,9," "," "," "," "," "," "," "," "," "," "
2003,"US TOTAL","  ","  ","   ","WEEK #37",CORN,16,10,35,30,9," "," "," "," "," "," "," "," "," "," "
2003,"US TOTAL","  ","  ","   ","WEEK #38",CORN,15,9,36,30,10," "," "," "," "," "," "," "," "," "," "
2003,"US TOTAL","  ","  ","   ","WEEK #39",CORN,14,8,38,29,11," "," "," "," "," "," "," "," "," "," "
2003,"US TOTAL","  ","  ","   ","WEEK #40",CORN,13,8,38,29,12," "," "," "," "," "," "," "," "," "," "
2003,"US TOTAL","  ","  ","   ","WEEK #41",CORN,13,7,39,29,12," "," "," "," "," "," "," "," "," "," "
2003,"US TOTAL","  ","  ","   ","WEEK #42",CORN,12,7,40,28,13," "," "," "," "," "," "," "," "," "," "
2004,"US TOTAL","  ","  ","   ","WEEK #21",CORN,4,1,56,24,15," "," "," "," "," "," "," "," "," "," "
2004,"US TOTAL","  ","  ","   ","WEEK #22",CORN,5,2,53,25,15," "," "," "," "," "," "," "," "," "," "
2004,"US TOTAL","  ","  ","   ","WEEK #23",CORN,5,2,53,25,15," "," "," "," "," "," "," "," "," "," "
2004,"US TOTAL","  ","  ","   ","WEEK #24",CORN,5,2,53,23,17," "," "," "," "," "," "," "," "," "," "
2004,"US TOTAL","  ","  ","   ","WEEK #25",CORN,6,2,51,22,19," "," "," "," "," "," "," "," "," "," "
2004,"US TOTAL","  ","  ","   ","WEEK #26",CORN,6,2,52,21,19," "," "," "," "," "," "," "," "," "," "
2004,"US TOTAL","  ","  ","   ","WEEK #27",CORN,5,2,52,20,21," "," "," "," "," "," "," "," "," "," "
2004,"US TOTAL","  ","  ","   ","WEEK #28",CORN,5,2,51,19,23," "," "," "," "," "," "," "," "," "," "
2004,"US TOTAL","  ","  ","   ","WEEK #29",CORN,4,2,51,18,25," "," "," "," "," "," "," "," "," "," "
2004,"US TOTAL","  ","  ","   ","WEEK #30",CORN,5,1,52,17,25," "," "," "," "," "," "," "," "," "," "
2004,"US TOTAL","  ","  ","   ","WEEK #31",CORN,5,2,49,17,27," "," "," "," "," "," "," "," "," "," "
2004,"US TOTAL","  ","  ","   ","WEEK #32",CORN,5,2,50,17,26," "," "," "," "," "," "," "," "," "," "
2004,"US TOTAL","  ","  ","   ","WEEK #33",CORN,6,2,48,19,25," "," "," "," "," "," "," "," "," "," "
2004,"US TOTAL","  ","  ","   ","WEEK #34",CORN,7,2,48,20,23," "," "," "," "," "," "," "," "," "," "
2004,"US TOTAL","  ","  ","   ","WEEK #35",CORN,7,2,49,21,21," "," "," "," "," "," "," "," "," "," "
2004,"US TOTAL","  ","  ","   ","WEEK #36",CORN,7,3,49,21,20," "," "," "," "," "," "," "," "," "," "
2004,"US TOTAL","  ","  ","   ","WEEK #37",CORN,7,3,47,21,22," "," "," "," "," "," "," "," "," "," "
2004,"US TOTAL","  ","  ","   ","WEEK #38",CORN,7,3,47,20,23," "," "," "," "," "," "," "," "," "," "
2004,"US TOTAL","  ","  ","   ","WEEK #39",CORN,6,3,48,20,23," "," "," "," "," "," "," "," "," "," "
2004,"US TOTAL","  ","  ","   ","WEEK #40",CORN,6,2,49,19,24," "," "," "," "," "," "," "," "," "," "
2004,"US TOTAL","  ","  ","   ","WEEK #41",CORN,5,3,49,18,25," "," "," "," "," "," "," "," "," "," "
2004,"US TOTAL","  ","  ","   ","WEEK #42",CORN,5,2,49,18,26," "," "," "," "," "," "," "," "," "," "
2004,"US TOTAL","  ","  ","   ","WEEK #43",CORN,5,2,48,18,27," "," "," "," "," "," "," "," "," "," "
2005,"US TOTAL","  ","  ","   ","WEEK #20",CORN,5,2,54,30,9," "," "," "," "," "," "," "," "," "," "
2005,"US TOTAL","  ","  ","   ","WEEK #21",CORN,6,1,54,31,8," "," "," "," "," "," "," "," "," "," "
2005,"US TOTAL","  ","  ","   ","WEEK #22",CORN,6,1,53,29,11," "," "," "," "," "," "," "," "," "," "
2005,"US TOTAL","  ","  ","   ","WEEK #23",CORN,5,1,53,27,14," "," "," "," "," "," "," "," "," "," "
2005,"US TOTAL","  ","  ","   ","WEEK #24",CORN,5,2,52,25,16," "," "," "," "," "," "," "," "," "," "
2005,"US TOTAL","  ","  ","   ","WEEK #25",CORN,8,2,50,25,15," "," "," "," "," "," "," "," "," "," "
2005,"US TOTAL","  ","  ","   ","WEEK #26",CORN,9,4,45,25,17," "," "," "," "," "," "," "," "," "," "
2005,"US TOTAL","  ","  ","   ","WEEK #27",CORN,11,6,42,25,16," "," "," "," "," "," "," "," "," "," "
2005,"US TOTAL","  ","  ","   ","WEEK #28",CORN,13,6,42,26,13," "," "," "," "," "," "," "," "," "," "
2005,"US TOTAL","  ","  ","   ","WEEK #29",CORN,14,7,39,26,14," "," "," "," "," "," "," "," "," "," "
2005,"US TOTAL","  ","  ","   ","WEEK #30",CORN,13,7,39,27,14," "," "," "," "," "," "," "," "," "," "
2005,"US TOTAL","  ","  ","   ","WEEK #31",CORN,14,8,39,26,13," "," "," "," "," "," "," "," "," "," "
2005,"US TOTAL","  ","  ","   ","WEEK #32",CORN,14,9,38,26,13," "," "," "," "," "," "," "," "," "," "
2005,"US TOTAL","  ","  ","   ","WEEK #33",CORN,14,9,37,27,13," "," "," "," "," "," "," "," "," "," "
2005,"US TOTAL","  ","  ","   ","WEEK #34",CORN,14,8,39,26,13," "," "," "," "," "," "," "," "," "," "
2005,"US TOTAL","  ","  ","   ","WEEK #35",CORN,14,9,39,26,12," "," "," "," "," "," "," "," "," "," "
2005,"US TOTAL","  ","  ","   ","WEEK #36",CORN,14,8,37,27,14," "," "," "," "," "," "," "," "," "," "
2005,"US TOTAL","  ","  ","   ","WEEK #37",CORN,13,8,39,27,13," "," "," "," "," "," "," "," "," "," "
2005,"US TOTAL","  ","  ","   ","WEEK #38",CORN,13,8,38,27,14," "," "," "," "," "," "," "," "," "," "
2005,"US TOTAL","  ","  ","   ","WEEK #39",CORN,12,7,40,26,15," "," "," "," "," "," "," "," "," "," "
2005,"US TOTAL","  ","  ","   ","WEEK #40",CORN,12,7,41,25,15," "," "," "," "," "," "," "," "," "," "
2005,"US TOTAL","  ","  ","   ","WEEK #41",CORN,11,7,40,25,17," "," "," "," "," "," "," "," "," "," "
2006,"US TOTAL","  ","  ","   ","WEEK #20",CORN,4,1,57,29,9," "," "," "," "," "," "," "," "," "," "
2006,"US TOTAL","  ","  ","   ","WEEK #21",CORN,4,1,58,25,12," "," "," "," "," "," "," "," "," "," "
2006,"US TOTAL","  ","  ","   ","WEEK #22",CORN,4,1,56,24,15," "," "," "," "," "," "," "," "," "," "
2006,"US TOTAL","  ","  ","   ","WEEK #23",CORN,5,1,55,24,15," "," "," "," "," "," "," "," "," "," "
2006,"US TOTAL","  ","  ","   ","WEEK #24",CORN,6,2,52,24,16," "," "," "," "," "," "," "," "," "," "
2006,"US TOTAL","  ","  ","   ","WEEK #25",CORN,5,2,52,22,19," "," "," "," "," "," "," "," "," "," "
2006,"US TOTAL","  ","  ","   ","WEEK #26",CORN,6,3,51,23,17," "," "," "," "," "," "," "," "," "," "
2006,"US TOTAL","  ","  ","   ","WEEK #27",CORN,8,3,47,26,16," "," "," "," "," "," "," "," "," "," "
2006,"US TOTAL","  ","  ","   ","WEEK #28",CORN,8,4,46,26,16," "," "," "," "," "," "," "," "," "," "
2006,"US TOTAL","  ","  ","   ","WEEK #29",CORN,10,5,43,26,16," "," "," "," "," "," "," "," "," "," "
2006,"US TOTAL","  ","  ","   ","WEEK #30",CORN,11,7,41,26,15," "," "," "," "," "," "," "," "," "," "
2006,"US TOTAL","  ","  ","   ","WEEK #31",CORN,11,7,41,25,16," "," "," "," "," "," "," "," "," "," "
2006,"US TOTAL","  ","  ","   ","WEEK #32",CORN,11,7,41,25,16," "," "," "," "," "," "," "," "," "," "
2006,"US TOTAL","  ","  ","   ","WEEK #33",CORN,11,7,41,24,17," "," "," "," "," "," "," "," "," "," "
2006,"US TOTAL","  ","  ","   ","WEEK #34",CORN,11,7,41,25,16," "," "," "," "," "," "," "," "," "," "
2006,"US TOTAL","  ","  ","   ","WEEK #35",CORN,10,6,43,25,16," "," "," "," "," "," "," "," "," "," "
2006,"US TOTAL","  ","  ","   ","WEEK #36",CORN,10,6,42,25,17," "," "," "," "," "," "," "," "," "," "
2006,"US TOTAL","  ","  ","   ","WEEK #37",CORN,9,6,44,24,17," "," "," "," "," "," "," "," "," "," "
2006,"US TOTAL","  ","  ","   ","WEEK #38",CORN,10,6,44,23,17," "," "," "," "," "," "," "," "," "," "
2006,"US TOTAL","  ","  ","   ","WEEK #39",CORN,10,5,43,24,18," "," "," "," "," "," "," "," "," "," "
2006,"US TOTAL","  ","  ","   ","WEEK #40",CORN,9,6,43,24,18," "," "," "," "," "," "," "," "," "," "
2006,"US TOTAL","  ","  ","   ","WEEK #41",CORN,9,6,43,24,18," "," "," "," "," "," "," "," "," "," "
2006,"US TOTAL","  ","  ","   ","WEEK #42",CORN,9,5,45,23,18," "," "," "," "," "," "," "," "," "," "
2007,"US TOTAL","  ","  ","   ","WEEK #20",CORN,2,0,63,20,15," "," "," "," "," "," "," "," "," "," "
2007,"US TOTAL","  ","  ","   ","WEEK #21",CORN,3,1,60,18,18," "," "," "," "," "," "," "," "," "," "
2007,"US TOTAL","  ","  ","   ","WEEK #22",CORN,3,1,60,18,18," "," "," "," "," "," "," "," "," "," "
2007,"US TOTAL","  ","  ","   ","WEEK #23",CORN,4,1,57,18,20," "," "," "," "," "," "," "," "," "," "
2007,"US TOTAL","  ","  ","   ","WEEK #24",CORN,6,2,53,22,17," "," "," "," "," "," "," "," "," "," "
2007,"US TOTAL","  ","  ","   ","WEEK #25",CORN,5,2,54,20,19," "," "," "," "," "," "," "," "," "," "
2007,"US TOTAL","  ","  ","   ","WEEK #26",CORN,5,2,53,20,20," "," "," "," "," "," "," "," "," "," "
2007,"US TOTAL","  ","  ","   ","WEEK #27",CORN,6,3,51,21,19," "," "," "," "," "," "," "," "," "," "
2007,"US TOTAL","  ","  ","   ","WEEK #28",CORN,8,4,46,24,18," "," "," "," "," "," "," "," "," "," "
2007,"US TOTAL","  ","  ","   ","WEEK #29",CORN,9,4,45,25,17," "," "," "," "," "," "," "," "," "," "
2007,"US TOTAL","  ","  ","   ","WEEK #30",CORN,11,5,42,26,16," "," "," "," "," "," "," "," "," "," "
2007,"US TOTAL","  ","  ","   ","WEEK #31",CORN,12,6,40,26,16," "," "," "," "," "," "," "," "," "," "
2007,"US TOTAL","  ","  ","   ","WEEK #32",CORN,12,6,41,26,15," "," "," "," "," "," "," "," "," "," "
2007,"US TOTAL","  ","  ","   ","WEEK #33",CORN,12,6,42,24,16," "," "," "," "," "," "," "," "," "," "
2007,"US TOTAL","  ","  ","   ","WEEK #34",CORN,10,6,43,25,16," "," "," "," "," "," "," "," "," "," "
2007,"US TOTAL","  ","  ","   ","WEEK #35",CORN,10,6,44,25,15," "," "," "," "," "," "," "," "," "," "
2007,"US TOTAL","  ","  ","   ","WEEK #36",CORN,10,6,44,23,17," "," "," "," "," "," "," "," "," "," "
2007,"US TOTAL","  ","  ","   ","WEEK #37",CORN,9,5,46,23,17," "," "," "," "," "," "," "," "," "," "
2007,"US TOTAL","  ","  ","   ","WEEK #38",CORN,9,5,45,23,18," "," "," "," "," "," "," "," "," "," "
2007,"US TOTAL","  ","  ","   ","WEEK #39",CORN,9,5,44,23,19," "," "," "," "," "," "," "," "," "," "
2007,"US TOTAL","  ","  ","   ","WEEK #40",CORN,9,5,44,23,19," "," "," "," "," "," "," "," "," "," "
2007,"US TOTAL","  ","  ","   ","WEEK #41",CORN,8,4,46,23,19," "," "," "," "," "," "," "," "," "," "
2008,"US TOTAL","  ","  ","   ","WEEK #22",CORN,5,2,53,30,10," "," "," "," "," "," "," "," "," "," "
2008,"US TOTAL","  ","  ","   ","WEEK #23",CORN,7,2,50,31,10," "," "," "," "," "," "," "," "," "," "
2008,"US TOTAL","  ","  ","   ","WEEK #24",CORN,9,3,48,31,9," "," "," "," "," "," "," "," "," "," "
2008,"US TOTAL","  ","  ","   ","WEEK #25",CORN,8,3,47,30,12," "," "," "," "," "," "," "," "," "," "
2008,"US TOTAL","  ","  ","   ","WEEK #26",CORN,8,3,47,28,14," "," "," "," "," "," "," "," "," "," "
2008,"US TOTAL","  ","  ","   ","WEEK #27",CORN,8,3,48,27,14," "," "," "," "," "," "," "," "," "," "
2008,"US TOTAL","  ","  ","   ","WEEK #28",CORN,7,3,49,26,15," "," "," "," "," "," "," "," "," "," "
2008,"US TOTAL","  ","  ","   ","WEEK #29",CORN,7,3,49,25,16," "," "," "," "," "," "," "," "," "," "
2008,"US TOTAL","  ","  ","   ","WEEK #30",CORN,7,3,49,24,17," "," "," "," "," "," "," "," "," "," "
2008,"US TOTAL","  ","  ","   ","WEEK #31",CORN,7,3,49,24,17," "," "," "," "," "," "," "," "," "," "
2008,"US TOTAL","  ","  ","   ","WEEK #32",CORN,7,3,48,23,19," "," "," "," "," "," "," "," "," "," "
2008,"US TOTAL","  ","  ","   ","WEEK #33",CORN,7,3,49,23,18," "," "," "," "," "," "," "," "," "," "
2008,"US TOTAL","  ","  ","   ","WEEK #34",CORN,8,4,48,24,16," "," "," "," "," "," "," "," "," "," "
2008,"US TOTAL","  ","  ","   ","WEEK #35",CORN,9,4,46,26,15," "," "," "," "," "," "," "," "," "," "
2008,"US TOTAL","  ","  ","   ","WEEK #36",CORN,9,4,47,26,14," "," "," "," "," "," "," "," "," "," "
2008,"US TOTAL","  ","  ","   ","WEEK #37",CORN,9,4,47,26,14," "," "," "," "," "," "," "," "," "," "
2008,"US TOTAL","  ","  ","   ","WEEK #38",CORN,10,4,46,27,13," "," "," "," "," "," "," "," "," "," "
2008,"US TOTAL","  ","  ","   ","WEEK #39",CORN,9,4,47,26,14," "," "," "," "," "," "," "," "," "," "
2008,"US TOTAL","  ","  ","   ","WEEK #40",CORN,9,4,47,26,14," "," "," "," "," "," "," "," "," "," "
2008,"US TOTAL","  ","  ","   ","WEEK #41",CORN,9,4,47,25,15," "," "," "," "," "," "," "," "," "," "
2008,"US TOTAL","  ","  ","   ","WEEK #42",CORN,9,4,47,25,15," "," "," "," "," "," "," "," "," "," "
2008,"US TOTAL","  ","  ","   ","WEEK #43",CORN,8,3,47,25,17," "," "," "," "," "," "," "," "," "," "
2008,"US TOTAL","  ","  ","   ","WEEK #44",CORN,8,3,47,25,17," "," "," "," "," "," "," "," "," "," "
2009,"US TOTAL","  ","  ","   ","WEEK #22",CORN,3,1,58,26,12," "," "," "," "," "," "," "," "," "," "
2009,"US TOTAL","  ","  ","   ","WEEK #23",CORN,5,1,56,25,13," "," "," "," "," "," "," "," "," "," "
2009,"US TOTAL","  ","  ","   ","WEEK #24",CORN,4,1,57,25,13," "," "," "," "," "," "," "," "," "," "
2009,"US TOTAL","  ","  ","   ","WEEK #25",CORN,5,2,54,23,16," "," "," "," "," "," "," "," "," "," "
2009,"US TOTAL","  ","  ","   ","WEEK #26",CORN,5,2,54,21,18," "," "," "," "," "," "," "," "," "," "
2009,"US TOTAL","  ","  ","   ","WEEK #27",CORN,6,2,53,21,18," "," "," "," "," "," "," "," "," "," "
2009,"US TOTAL","  ","  ","   ","WEEK #28",CORN,6,2,52,21,19," "," "," "," "," "," "," "," "," "," "
2009,"US TOTAL","  ","  ","   ","WEEK #29",CORN,5,2,53,22,18," "," "," "," "," "," "," "," "," "," "
2009,"US TOTAL","  ","  ","   ","WEEK #30",CORN,6,2,52,22,18," "," "," "," "," "," "," "," "," "," "
2009,"US TOTAL","  ","  ","   ","WEEK #31",CORN,7,3,49,22,19," "," "," "," "," "," "," "," "," "," "
2009,"US TOTAL","  ","  ","   ","WEEK #32",CORN,7,3,49,22,19," "," "," "," "," "," "," "," "," "," "
2009,"US TOTAL","  ","  ","   ","WEEK #33",CORN,7,3,49,22,19," "," "," "," "," "," "," "," "," "," "
2009,"US TOTAL","  ","  ","   ","WEEK #34",CORN,6,3,50,21,20," "," "," "," "," "," "," "," "," "," "
2009,"US TOTAL","  ","  ","   ","WEEK #35",CORN,7,3,49,21,20," "," "," "," "," "," "," "," "," "," "
2009,"US TOTAL","  ","  ","   ","WEEK #36",CORN,6,3,50,22,19," "," "," "," "," "," "," "," "," "," "
2009,"US TOTAL","  ","  ","   ","WEEK #37",CORN,6,3,49,22,20," "," "," "," "," "," "," "," "," "," "
2009,"US TOTAL","  ","  ","   ","WEEK #38",CORN,7,3,48,22,20," "," "," "," "," "," "," "," "," "," "
2009,"US TOTAL","  ","  ","   ","WEEK #39",CORN,7,3,49,22,19," "," "," "," "," "," "," "," "," "," "
2009,"US TOTAL","  ","  ","   ","WEEK #40",CORN,6,3,51,21,19," "," "," "," "," "," "," "," "," "," "
2009,"US TOTAL","  ","  ","   ","WEEK #41",CORN,6,3,51,21,19," "," "," "," "," "," "," "," "," "," "
2009,"US TOTAL","  ","  ","   ","WEEK #42",CORN,6,3,50,21,20," "," "," "," "," "," "," "," "," "," "
2009,"US TOTAL","  ","  ","   ","WEEK #43",CORN,6,3,51,22,18," "," "," "," "," "," "," "," "," "," "
2009,"US TOTAL","  ","  ","   ","WEEK #44",CORN,7,3,49,23,18," "," "," "," "," "," "," "," "," "," "
2009,"US TOTAL","  ","  ","   ","WEEK #45",CORN,7,3,49,22,19," "," "," "," "," "," "," "," "," "," "
2009,"US TOTAL","  ","  ","   ","WEEK #46",CORN,7,3,48,23,19," "," "," "," "," "," "," "," "," "," "
2010,"US TOTAL","  ","  ","   ","WEEK #19",CORN,5,1,57,27,10," "," "," "," "," "," "," "," "," "," "
2010,"US TOTAL","  ","  ","   ","WEEK #20",CORN,4,1,60,24,11," "," "," "," "," "," "," "," "," "," "
2010,"US TOTAL","  ","  ","   ","WEEK #21",CORN,3,1,61,20,15," "," "," "," "," "," "," "," "," "," "
2010,"US TOTAL","  ","  ","   ","WEEK #22",CORN,4,1,58,19,18," "," "," "," "," "," "," "," "," "," "
2010,"US TOTAL","  ","  ","   ","WEEK #23",CORN,4,1,58,18,19," "," "," "," "," "," "," "," "," "," "
2010,"US TOTAL","  ","  ","   ","WEEK #24",CORN,5,2,56,18,19," "," "," "," "," "," "," "," "," "," "
2010,"US TOTAL","  ","  ","   ","WEEK #25",CORN,6,2,54,19,19," "," "," "," "," "," "," "," "," "," "
2010,"US TOTAL","  ","  ","   ","WEEK #26",CORN,7,3,51,19,20," "," "," "," "," "," "," "," "," "," "
2010,"US TOTAL","  ","  ","   ","WEEK #27",CORN,7,2,52,18,21," "," "," "," "," "," "," "," "," "," "
2010,"US TOTAL","  ","  ","   ","WEEK #28",CORN,7,2,51,19,21," "," "," "," "," "," "," "," "," "," "
2010,"US TOTAL","  ","  ","   ","WEEK #29",CORN,7,2,49,19,23," "," "," "," "," "," "," "," "," "," "
2010,"US TOTAL","  ","  ","   ","WEEK #30",CORN,7,3,47,19,24," "," "," "," "," "," "," "," "," "," "
2010,"US TOTAL","  ","  ","   ","WEEK #31",CORN,7,3,48,19,23," "," "," "," "," "," "," "," "," "," "
2010,"US TOTAL","  ","  ","   ","WEEK #32",CORN,8,3,46,20,23," "," "," "," "," "," "," "," "," "," "
2010,"US TOTAL","  ","  ","   ","WEEK #33",CORN,7,3,47,20,23," "," "," "," "," "," "," "," "," "," "
2010,"US TOTAL","  ","  ","   ","WEEK #34",CORN,7,3,48,20,22," "," "," "," "," "," "," "," "," "," "
2010,"US TOTAL","  ","  ","   ","WEEK #35",CORN,8,3,47,20,22," "," "," "," "," "," "," "," "," "," "
2010,"US TOTAL","  ","  ","   ","WEEK #36",CORN,8,4,47,20,21," "," "," "," "," "," "," "," "," "," "
2010,"US TOTAL","  ","  ","   ","WEEK #37",CORN,8,3,48,21,20," "," "," "," "," "," "," "," "," "," "
2010,"US TOTAL","  ","  ","   ","WEEK #38",CORN,9,4,47,21,19," "," "," "," "," "," "," "," "," "," "
2010,"US TOTAL","  ","  ","   ","WEEK #39",CORN,9,4,46,21,20," "," "," "," "," "," "," "," "," "," "
2010,"US TOTAL","  ","  ","   ","WEEK #40",CORN,8,3,48,21,20," "," "," "," "," "," "," "," "," "," "
2011,"US TOTAL","  ","  ","   ","WEEK #21",CORN,4,2,53,31,10," "," "," "," "," "," "," "," "," "," "
2011,"US TOTAL","  ","  ","   ","WEEK #22",CORN,4,2,55,27,12," "," "," "," "," "," "," "," "," "," "
2011,"US TOTAL","  ","  ","   ","WEEK #23",CORN,4,2,56,25,13," "," "," "," "," "," "," "," "," "," "
2011,"US TOTAL","  ","  ","   ","WEEK #24",CORN,5,2,56,23,14," "," "," "," "," "," "," "," "," "," "
2011,"US TOTAL","  ","  ","   ","WEEK #25",CORN,6,3,54,23,14," "," "," "," "," "," "," "," "," "," "
2011,"US TOTAL","  ","  ","   ","WEEK #26",CORN,6,3,52,22,17," "," "," "," "," "," "," "," "," "," "
2011,"US TOTAL","  ","  ","   ","WEEK #27",CORN,6,3,52,22,17," "," "," "," "," "," "," "," "," "," "
2011,"US TOTAL","  ","  ","   ","WEEK #28",CORN,7,4,50,23,16," "," "," "," "," "," "," "," "," "," "
2011,"US TOTAL","  ","  ","   ","WEEK #29",CORN,9,5,46,24,16," "," "," "," "," "," "," "," "," "," "
2011,"US TOTAL","  ","  ","   ","WEEK #30",CORN,9,5,46,24,16," "," "," "," "," "," "," "," "," "," "
2011,"US TOTAL","  ","  ","   ","WEEK #31",CORN,10,6,45,24,15," "," "," "," "," "," "," "," "," "," "
2011,"US TOTAL","  ","  ","   ","WEEK #32",CORN,10,5,46,25,14," "," "," "," "," "," "," "," "," "," "
2011,"US TOTAL","  ","  ","   ","WEEK #33",CORN,11,6,44,26,13," "," "," "," "," "," "," "," "," "," "
2011,"US TOTAL","  ","  ","   ","WEEK #34",CORN,12,7,42,27,12," "," "," "," "," "," "," "," "," "," "
2011,"US TOTAL","  ","  ","   ","WEEK #35",CORN,13,8,41,27,11," "," "," "," "," "," "," "," "," "," "
2011,"US TOTAL","  ","  ","   ","WEEK #36",CORN,13,7,42,27,11," "," "," "," "," "," "," "," "," "," "
2011,"US TOTAL","  ","  ","   ","WEEK #37",CORN,13,8,40,28,11," "," "," "," "," "," "," "," "," "," "
2011,"US TOTAL","  ","  ","   ","WEEK #38",CORN,13,7,41,28,11," "," "," "," "," "," "," "," "," "," "
2011,"US TOTAL","  ","  ","   ","WEEK #39",CORN,13,7,41,28,11," "," "," "," "," "," "," "," "," "," "
2011,"US TOTAL","  ","  ","   ","WEEK #40",CORN,12,7,42,28,11," "," "," "," "," "," "," "," "," "," "
2011,"US TOTAL","  ","  ","   ","WEEK #41",CORN,12,7,41,28,12," "," "," "," "," "," "," "," "," "," "
2011,"US TOTAL","  ","  ","   ","WEEK #42",CORN,12,7,42,27,12," "," "," "," "," "," "," "," "," "," "
2012,"US TOTAL","  ","  ","   ","WEEK #20",CORN,2,1,62,20,15," "," "," "," "," "," "," "," "," "," "
2012,"US TOTAL","  ","  ","   ","WEEK #21",CORN,4,1,59,23,13," "," "," "," "," "," "," "," "," "," "
2012,"US TOTAL","  ","  ","   ","WEEK #22",CORN,4,1,57,23,15," "," "," "," "," "," "," "," "," "," "
2012,"US TOTAL","  ","  ","   ","WEEK #23",CORN,6,2,54,26,12," "," "," "," "," "," "," "," "," "," "
2012,"US TOTAL","  ","  ","   ","WEEK #24",CORN,7,2,52,28,11," "," "," "," "," "," "," "," "," "," "
2012,"US TOTAL","  ","  ","   ","WEEK #25",CORN,10,4,45,30,11," "," "," "," "," "," "," "," "," "," "
2012,"US TOTAL","  ","  ","   ","WEEK #26",CORN,15,7,40,30,8," "," "," "," "," "," "," "," "," "," "
2012,"US TOTAL","  ","  ","   ","WEEK #27",CORN,18,12,34,30,6," "," "," "," "," "," "," "," "," "," "
2012,"US TOTAL","  ","  ","   ","WEEK #28",CORN,22,16,27,31,4," "," "," "," "," "," "," "," "," "," "
2012,"US TOTAL","  ","  ","   ","WEEK #29",CORN,24,21,23,29,3," "," "," "," "," "," "," "," "," "," "
2012,"US TOTAL","  ","  ","   ","WEEK #30",CORN,25,23,21,28,3," "," "," "," "," "," "," "," "," "," "
2012,"US TOTAL","  ","  ","   ","WEEK #31",CORN,25,25,20,27,3," "," "," "," "," "," "," "," "," "," "
2012,"US TOTAL","  ","  ","   ","WEEK #32",CORN,25,26,20,26,3," "," "," "," "," "," "," "," "," "," "
2012,"US TOTAL","  ","  ","   ","WEEK #33",CORN,25,26,20,26,3," "," "," "," "," "," "," "," "," "," "
2012,"US TOTAL","  ","  ","   ","WEEK #34",CORN,26,26,19,26,3," "," "," "," "," "," "," "," "," "," "
2012,"US TOTAL","  ","  ","   ","WEEK #35",CORN,26,26,19,26,3," "," "," "," "," "," "," "," "," "," "
2012,"US TOTAL","  ","  ","   ","WEEK #36",CORN,26,26,19,26,3," "," "," "," "," "," "," "," "," "," "
2012,"US TOTAL","  ","  ","   ","WEEK #37",CORN,25,25,21,26,3," "," "," "," "," "," "," "," "," "," "
2012,"US TOTAL","  ","  ","   ","WEEK #38",CORN,24,27,21,25,3," "," "," "," "," "," "," "," "," "," "
2012,"US TOTAL","  ","  ","   ","WEEK #39",CORN,24,26,21,25,4," "," "," "," "," "," "," "," "," "," "
2013,"US TOTAL","  ","  ","   ","WEEK #22",CORN,5,2,52,30,11," "," "," "," "," "," "," "," "," "," "
2013,"US TOTAL","  ","  ","   ","WEEK #23",CORN,6,2,53,29,10," "," "," "," "," "," "," "," "," "," "
2013,"US TOTAL","  ","  ","   ","WEEK #24",CORN,6,2,52,28,12," "," "," "," "," "," "," "," "," "," "
2013,"US TOTAL","  ","  ","   ","WEEK #25",CORN,6,2,51,27,14," "," "," "," "," "," "," "," "," "," "
2013,"US TOTAL","  ","  ","   ","WEEK #26",CORN,6,2,51,25,16," "," "," "," "," "," "," "," "," "," "
2013,"US TOTAL","  ","  ","   ","WEEK #27",CORN,6,2,51,24,17," "," "," "," "," "," "," "," "," "," "
2013,"US TOTAL","  ","  ","   ","WEEK #28",CORN,6,3,49,25,17," "," "," "," "," "," "," "," "," "," "
2013,"US TOTAL","  ","  ","   ","WEEK #29",CORN,8,3,46,26,17," "," "," "," "," "," "," "," "," "," "
2013,"US TOTAL","  ","  ","   ","WEEK #30",CORN,8,3,46,26,17," "," "," "," "," "," "," "," "," "," "
2013,"US TOTAL","  ","  ","   ","WEEK #31",CORN,8,3,46,25,18," "," "," "," "," "," "," "," "," "," "
2013,"US TOTAL","  ","  ","   ","WEEK #32",CORN,8,3,46,25,18," "," "," "," "," "," "," "," "," "," "
2013,"US TOTAL","  ","  ","   ","WEEK #33",CORN,9,4,44,26,17," "," "," "," "," "," "," "," "," "," "
2013,"US TOTAL","  ","  ","   ","WEEK #34",CORN,10,4,44,27,15," "," "," "," "," "," "," "," "," "," "
2013,"US TOTAL","  ","  ","   ","WEEK #35",CORN,11,5,42,28,14," "," "," "," "," "," "," "," "," "," "
2013,"US TOTAL","  ","  ","   ","WEEK #36",CORN,12,5,41,29,13," "," "," "," "," "," "," "," "," "," "
2013,"US TOTAL","  ","  ","   ","WEEK #37",CORN,12,6,40,29,13," "," "," "," "," "," "," "," "," "," "
2013,"US TOTAL","  ","  ","   ","WEEK #38",CORN,11,5,42,29,13," "," "," "," "," "," "," "," "," "," "
2013,"US TOTAL","  ","  ","   ","WEEK #39",CORN,11,5,41,29,14," "," "," "," "," "," "," "," "," "," "
2013,"US TOTAL","  ","  ","   ","WEEK #42",CORN,10,4,43,26,17," "," "," "," "," "," "," "," "," "," "
2013,"US TOTAL","  ","  ","   ","WEEK #43",CORN,9,4,44,25,18," "," "," "," "," "," "," "," "," "," "
2014,"US TOTAL","  ","  ","   ","WEEK #22",CORN,2,0,63,22,13,13,4,1,57,25,5,11,30,2,52
2014,"US TOTAL","  ","  ","   ","WEEK #23",CORN,3,1,60,21,15,13,5,1,55,26,6,10,29,2,53
2014,"US TOTAL","  ","  ","   ","WEEK #24",CORN,3,1,59,20,17,14,6,2,54,24,6,12,28,2,52
2014,"US TOTAL","  ","  ","   ","WEEK #25",CORN,4,1,56,21,18,15,7,3,51,24,6,14,27,2,51
2014,"US TOTAL","  ","  ","   ","WEEK #26",CORN,4,1,55,20,20,16,8,3,50,23,6,16,25,2,51
2014,"US TOTAL","  ","  ","   ","WEEK #27",CORN,4,1,54,20,21,16,9,4,48,23,6,17,24,2,51
2014,"US TOTAL","  ","  ","   ","WEEK #28",CORN,4,1,54,19,22,15,9,5,47,24,6,17,25,3,49
2014,"US TOTAL","  ","  ","   ","WEEK #29",CORN,4,1,54,19,22," "," "," "," "," "," "," "," "," "," "
2014,"US TOTAL","  ","  ","   ","WEEK #30",CORN,5,1,53,19,22,16,11,7,42,24,8,17,26,3,46
2014,"US TOTAL","  ","  ","   ","WEEK #31",CORN,5,2,51,20,22,16,11,8,42,23,8,18,25,3,46
2014,"US TOTAL","  ","  ","   ","WEEK #32",CORN,5,2,52,20,21,15,12,8,41,24,8,18,25,3,46
2014,"US TOTAL","  ","  ","   ","WEEK #33",CORN,6,2,51,20,21,15,12,8,41,24,9,17,26,4,44
2014,"US TOTAL","  ","  ","   ","WEEK #34",CORN,5,2,52,20,21,14,12,9,40,25,10,15,27,4,44
2014,"US TOTAL","  ","  ","   ","WEEK #35",CORN,5,2,52,19,22,14,13,9,40,24,11,14,28,5,42
2014,"US TOTAL","  ","  ","   ","WEEK #36",CORN,5,2,52,19,22,14,13,9,40,24,12,13,29,5,41
2014,"US TOTAL","  ","  ","   ","WEEK #37",CORN,5,2,52,19,22,13,13,9,39,26,12,13,29,6,40
2014,"US TOTAL","  ","  ","   ","WEEK #38",CORN,5,2,51,19,23,13,13,9,40,25,11,13,29,5,42
2014,"US TOTAL","  ","  ","   ","WEEK #39",CORN,5,2,51,19,23,14,13,9,40,24,11,14,29,5,41
2014,"US TOTAL","  ","  ","   ","WEEK #40",CORN,5,2,50,19,24,14,12,9,41,24," "," "," "," "," "
2014,"US TOTAL","  ","  ","   ","WEEK #41",CORN,5,2,50,19,24," "," "," "," "," "," "," "," "," "," "
2014,"US TOTAL","  ","  ","   ","WEEK #42",CORN,5,2,50,19,24," "," "," "," "," ",10,17,26,4,43
2014,"US TOTAL","  ","  ","   ","WEEK #43",CORN,5,2,50,19,24," "," "," "," "," ",9,18,25,4,44
2015,"US TOTAL","  ","  ","   ","WEEK #21",CORN,3,0,62,23,12," "," "," "," "," "," "," "," "," "," "
2015,"US TOTAL","  ","  ","   ","WEEK #22",CORN,3,0,62,23,12,14,4,1,57,24,2,13,22,0,63
2015,"US TOTAL","  ","  ","   ","WEEK #23",CORN,3,1,61,22,13,14,5,2,55,24,3,15,21,1,60
2015,"US TOTAL","  ","  ","   ","WEEK #24",CORN,4,1,59,22,14,15,5,2,55,23,3,17,20,1,59
2015,"US TOTAL","  ","  ","   ","WEEK #25",CORN,5,1,57,23,14,15,6,2,53,24,4,18,21,1,56
2015,"US TOTAL","  ","  ","   ","WEEK #26",CORN,6,2,54,24,14,16,8,3,50,23,4,20,20,1,55
2015,"US TOTAL","  ","  ","   ","WEEK #27",CORN,6,2,55,23,14,16,8,4,49,23,4,21,20,1,54
2015,"US TOTAL","  ","  ","   ","WEEK #28",CORN,7,2,54,22,15,16,9,5,47,23,4,22,19,1,54
2015,"US TOTAL","  ","  ","   ","WEEK #29",CORN,7,2,52,22,17,16,10,6,45,23,4,22,19,1,54
2015,"US TOTAL","  ","  ","   ","WEEK #30",CORN,7,2,53,21,17,16,11,7,43,23,5,22,19,1,53
2015,"US TOTAL","  ","  ","   ","WEEK #31",CORN,7,2,52,21,18,16,11,8,42,23,5,22,20,2,51
2015,"US TOTAL","  ","  ","   ","WEEK #32",CORN,7,2,52,21,18,16,11,8,42,23,5,21,20,2,52
2015,"US TOTAL","  ","  ","   ","WEEK #33",CORN,7,3,51,21,18,15,12,8,41,24,6,21,20,2,51
2015,"US TOTAL","  ","  ","   ","WEEK #34",CORN,7,3,50,21,19,15,12,8,41,24,5,21,20,2,52
2015,"US TOTAL","  ","  ","   ","WEEK #35",CORN,7,3,49,22,19,14,13,9,40,24,5,22,19,2,52
2015,"US TOTAL","  ","  ","   ","WEEK #36",CORN,7,3,49,22,19,14,13,9,40,24,5,22,19,2,52
2015,"US TOTAL","  ","  ","   ","WEEK #37",CORN,7,3,49,22,19,14,13,9,40,24,5,22,19,2,52
2015,"US TOTAL","  ","  ","   ","WEEK #38",CORN,7,3,49,22,19,14,12,9,40,25,5,23,19,2,51
2015,"US TOTAL","  ","  ","   ","WEEK #39",CORN,7,3,49,22,19,14,12,9,40,25,5,23,19,2,51
2015,"US TOTAL","  ","  ","   ","WEEK #40",CORN,7,3,48,22,20,15,12,9,40,24,5,24,19,2,50
2015,"US TOTAL","  ","  ","   ","WEEK #41",CORN,7,3,48,22,20," "," "," "," "," ",5,24,19,2,50
2015,"US TOTAL","  ","  ","   ","WEEK #42",CORN,7,3,48,22,20," "," "," "," "," ",5,24,19,2,50
2016,"US TOTAL","  ","  ","   ","WEEK #21",CORN,3,1,60,24,12,12,4,1,57,26,3,12,23,0,62
2016,"US TOTAL","  ","  ","   ","WEEK #22",CORN,3,1,61,21,14,12,4,2,57,25,3,13,22,1,61
2016,"US TOTAL","  ","  ","   ","WEEK #23",CORN,3,1,60,21,15,13,5,2,55,25,4,14,22,1,59
2016,"US TOTAL","  ","  ","   ","WEEK #24",CORN,3,1,60,21,15,14,6,2,53,25,5,14,23,1,57
2016,"US TOTAL","  ","  ","   ","WEEK #25",CORN,4,1,59,20,16,14,7,3,52,24,6,14,24,2,54
2016,"US TOTAL","  ","  ","   ","WEEK #26",CORN,4,1,59,20,16,15,8,4,49,24,6,14,23,2,55
2016,"US TOTAL","  ","  ","   ","WEEK #27",CORN,4,1,58,19,18,15,9,5,47,24,7,15,22,2,54
2016,"US TOTAL","  ","  ","   ","WEEK #28",CORN,4,1,57,19,19,15,10,6,45,24,7,17,22,2,52
2016,"US TOTAL","  ","  ","   ","WEEK #29",CORN,4,1,57,19,19,15,11,7,43,24,7,17,21,2,53
2016,"US TOTAL","  ","  ","   ","WEEK #30",CORN,5,1,56,18,20,15,11,7,44,23,7,18,21,2,52
2016,"US TOTAL","  ","  ","   ","WEEK #31",CORN,5,2,54,19,20,15,11,8,43,23,7,18,21,2,52
2016,"US TOTAL","  ","  ","   ","WEEK #32",CORN,5,2,53,19,21,15,11,8,42,24,7,18,21,3,51
2016,"US TOTAL","  ","  ","   ","WEEK #33",CORN,5,2,54,18,21,14,12,8,42,24,7,19,21,3,50
2016,"US TOTAL","  ","  ","   ","WEEK #34",CORN,5,2,54,18,21,14,12,9,41,24,7,19,22,3,49
2016,"US TOTAL","  ","  ","   ","WEEK #35",CORN,5,2,54,19,20,14,13,9,40,24,7,19,22,3,49
2016,"US TOTAL","  ","  ","   ","WEEK #36",CORN,5,2,54,19,20,14,12,9,41,24,7,19,22,3,49
2016,"US TOTAL","  ","  ","   ","WEEK #37",CORN,5,2,54,19,20,14,12,9,41,24,7,19,22,3,49
2016,"US TOTAL","  ","  ","   ","WEEK #38",CORN,5,2,54,19,20,14,12,9,41,24,7,19,22,3,49
2016,"US TOTAL","  ","  ","   ","WEEK #39",CORN,6,2,53,19,20,15,12,9,40,24,7,20,22,3,48
2016,"US TOTAL","  ","  ","   ","WEEK #40",CORN,6,2,53,19,20," "," "," "," "," ",7,20,22,3,48
2016,"US TOTAL","  ","  ","   ","WEEK #41",CORN,5,2,54,19,20," "," "," "," "," ",7,20,22,3,48
2017,"US TOTAL","  ","  ","   ","WEEK #21",CORN,6,1,57,28,8,13,3,1,59,24,3,12,24,1,60
2017,"US TOTAL","  ","  ","   ","WEEK #22",CORN,5,1,58,26,10,13,4,1,58,24,3,14,21,1,61
2017,"US TOTAL","  ","  ","   ","WEEK #23",CORN,6,2,57,25,10,14,5,1,56,24,3,15,21,1,60
2017,"US TOTAL","  ","  ","   ","WEEK #24",CORN,6,2,55,25,12,14,6,2,54,24,3,15,21,1,60
2017,"US TOTAL","  ","  ","   ","WEEK #25",CORN,6,2,55,25,12,15,7,3,51,24,4,16,20,1,59
2017,"US TOTAL","  ","  ","   ","WEEK #26",CORN,6,2,55,24,13,15,8,4,50,23,4,16,20,1,59
2017,"US TOTAL","  ","  ","   ","WEEK #27",CORN,7,3,52,25,13,15,9,5,48,23,4,18,19,1,58
2017,"US TOTAL","  ","  ","   ","WEEK #28",CORN,8,3,51,25,13,16,9,6,46,23,4,19,19,1,57
2017,"US TOTAL","  ","  ","   ","WEEK #29",CORN,8,4,49,26,13,16,10,6,45,23,4,19,19,1,57
2017,"US TOTAL","  ","  ","   ","WEEK #30",CORN,9,4,48,26,13,16,10,7,45,22,5,20,18,1,56
2017,"US TOTAL","  ","  ","   ","WEEK #31",CORN,9,4,47,27,13,16,10,7,45,22,5,20,19,2,54
2017,"US TOTAL","  ","  ","   ","WEEK #32",CORN,9,3,49,26,13,16,10,7,45,22,5,21,19,2,53
2017,"US TOTAL","  ","  ","   ","WEEK #33",CORN,9,3,48,26,14,16,11,7,44,22,5,21,18,2,54
2017,"US TOTAL","  ","  ","   ","WEEK #34",CORN,9,3,48,26,14,16,11,8,42,23,5,21,18,2,54
2017,"US TOTAL","  ","  ","   ","WEEK #35",CORN,9,4,48,26,13,15,11,8,43,23,5,20,19,2,54
2017,"US TOTAL","  ","  ","   ","WEEK #36",CORN,9,4,48,26,13,15,11,8,43,23,5,20,19,2,54
2017,"US TOTAL","  ","  ","   ","WEEK #37",CORN,9,4,48,26,13,16,10,8,43,23,5,20,19,2,54
2017,"US TOTAL","  ","  ","   ","WEEK #38",CORN,9,4,47,26,14,16,10,8,43,23,5,20,19,2,54
2017,"US TOTAL","  ","  ","   ","WEEK #39",CORN,9,3,49,25,14,16,11,8,42,23,6,20,19,2,53
2017,"US TOTAL","  ","  ","   ","WEEK #40",CORN,8,3,49,25,15," "," "," "," "," ",6,20,19,2,53
2017,"US TOTAL","  ","  ","   ","WEEK #41",CORN,8,3,50,24,15," "," "," "," "," ",5,20,19,2,54
2017,"US TOTAL","  ","  ","   ","WEEK #42",CORN,8,3,50,23,16," "," "," "," "," ",5,20,19,2,54
2017,"US TOTAL","  ","  ","   ","WEEK #43",CORN,8,3,50,23,16," "," "," "," "," "," "," "," "," "," "
2018,"US TOTAL","  ","  ","   ","WEEK #21",CORN,2,1,63,18,16,11,4,1,59,25,6,8,28,1,57
2018,"US TOTAL","  ","  ","   ","WEEK #22",CORN,2,1,61,19,17,12,4,1,59,24,5,10,26,1,58
2018,"US TOTAL","  ","  ","   ","WEEK #23",CORN,3,1,59,19,18,14,4,1,58,23,6,10,25,2,57
2018,"US TOTAL","  ","  ","   ","WEEK #24",CORN,3,1,59,18,19,15,5,1,56,23,6,12,25,2,55
2018,"US TOTAL","  ","  ","   ","WEEK #25",CORN,4,1,58,18,19,16,5,2,54,23,6,12,25,2,55
2018,"US TOTAL","  ","  ","   ","WEEK #26",CORN,4,2,55,18,21,16,5,2,55,22,6,13,24,2,55
2018,"US TOTAL","  ","  ","   ","WEEK #27",CORN,5,2,54,18,21,17,6,2,53,22,7,13,25,3,52
2018,"US TOTAL","  ","  ","   ","WEEK #28",CORN,6,3,51,19,21,18,6,2,52,22,8,13,25,3,51
2018,"US TOTAL","  ","  ","   ","WEEK #29",CORN,6,3,50,19,22,18,6,2,52,22,8,13,26,4,49
2018,"US TOTAL","  ","  ","   ","WEEK #30",CORN,6,3,50,19,22,18,7,2,51,22,9,13,26,4,48
2018,"US TOTAL","  ","  ","   ","WEEK #31",CORN,7,3,50,19,21,18,7,3,50,22,9,13,27,4,47
2018,"US TOTAL","  ","  ","   ","WEEK #32",CORN,7,3,50,20,20,18,7,3,50,22,9,13,26,3,49
2018,"US TOTAL","  ","  ","   ","WEEK #33",CORN,8,4,48,20,20,18,7,3,50,22,9,14,26,3,48
2018,"US TOTAL","  ","  ","   ","WEEK #34",CORN,8,4,47,20,21,18,7,3,49,23,9,14,26,3,48
2018,"US TOTAL","  ","  ","   ","WEEK #35",CORN,8,4,46,21,21,17,8,3,49,23,9,13,26,4,48
2018,"US TOTAL","  ","  ","   ","WEEK #36",CORN,8,4,47,20,21,17,8,3,49,23,9,13,26,4,48
2018,"US TOTAL","  ","  ","   ","WEEK #37",CORN,8,4,47,20,21,18,7,3,49,23,9,13,26,4,48
2018,"US TOTAL","  ","  ","   ","WEEK #38",CORN,8,4,47,19,22,18,7,3,49,23,9,14,26,4,47
2018,"US TOTAL","  ","  ","   ","WEEK #39",CORN,8,4,47,19,22,18,8,3,48,23,9,14,25,3,49
2018,"US TOTAL","  ","  ","   ","WEEK #40",CORN,8,4,47,20,21," "," "," "," "," ",8,15,25,3,49
2018,"US TOTAL","  ","  ","   ","WEEK #41",CORN,8,4,47,20,21,19,7,3,49,22,8,15,24,3,50
2018,"US TOTAL","  ","  ","   ","WEEK #42",CORN,8,4,48,20,20,20,7,3,48,22,8,16,23,3,50
2019,"US TOTAL","  ","  ","   ","WEEK #23",CORN,7,2,52,32,7,15,4,1,59,21,3,18,19,1,59
2019,"US TOTAL","  ","  ","   ","WEEK #24",CORN,8,2,52,31,7,16,4,1,57,22,3,19,18,1,59
2019,"US TOTAL","  ","  ","   ","WEEK #25",CORN,9,3,48,32,8,16,5,1,57,21,4,19,18,1,58
2019,"US TOTAL","  ","  ","   ","WEEK #26",CORN,9,3,47,32,9,17,5,2,55,21,4,21,18,2,55
2019,"US TOTAL","  ","  ","   ","WEEK #27",CORN,9,3,47,31,10,18,5,2,54,21,5,21,18,2,54
2019,"US TOTAL","  ","  ","   ","WEEK #28",CORN,9,3,48,30,10,18,6,2,53,21,6,21,19,3,51
2019,"US TOTAL","  ","  ","   ","WEEK #29",CORN,10,3,47,30,10,19,6,2,52,21,6,22,19,3,50
2019,"US TOTAL","  ","  ","   ","WEEK #30",CORN,9,3,47,30,11,19,6,2,52,21,6,22,19,3,50
2019,"US TOTAL","  ","  ","   ","WEEK #31",CORN,10,3,47,30,10,19,7,3,50,21,7,21,19,3,50
